
Project2.elf:     file format elf32-avr

Sections:
Idx Name          Size      VMA       LMA       File off  Algn
  0 .text         00002d0e  00000000  00000000  00000094  2**1
                  CONTENTS, ALLOC, LOAD, READONLY, CODE
  1 .data         00000008  00800060  00002d0e  00002da2  2**0
                  CONTENTS, ALLOC, LOAD, DATA
  2 .bss          00000007  00800068  00800068  00002daa  2**0
                  ALLOC
  3 .stab         00001bb4  00000000  00000000  00002dac  2**2
                  CONTENTS, READONLY, DEBUGGING
  4 .stabstr      000008c1  00000000  00000000  00004960  2**0
                  CONTENTS, READONLY, DEBUGGING
  5 .debug_aranges 00000140  00000000  00000000  00005221  2**0
                  CONTENTS, READONLY, DEBUGGING
  6 .debug_pubnames 00000170  00000000  00000000  00005361  2**0
                  CONTENTS, READONLY, DEBUGGING
  7 .debug_info   00001c49  00000000  00000000  000054d1  2**0
                  CONTENTS, READONLY, DEBUGGING
  8 .debug_abbrev 00000eeb  00000000  00000000  0000711a  2**0
                  CONTENTS, READONLY, DEBUGGING
  9 .debug_line   00000dad  00000000  00000000  00008005  2**0
                  CONTENTS, READONLY, DEBUGGING
 10 .debug_frame  00000160  00000000  00000000  00008db4  2**2
                  CONTENTS, READONLY, DEBUGGING
 11 .debug_str    0000028d  00000000  00000000  00008f14  2**0
                  CONTENTS, READONLY, DEBUGGING
 12 .debug_loc    000007ce  00000000  00000000  000091a1  2**0
                  CONTENTS, READONLY, DEBUGGING
 13 .debug_ranges 00000050  00000000  00000000  0000996f  2**0
                  CONTENTS, READONLY, DEBUGGING

Disassembly of section .text:

00000000 <__vectors>:
       0:	0c 94 2a 00 	jmp	0x54	; 0x54 <__ctors_end>
       4:	0c 94 5f 06 	jmp	0xcbe	; 0xcbe <__vector_1>
       8:	0c 94 93 06 	jmp	0xd26	; 0xd26 <__vector_2>
       c:	0c 94 c2 06 	jmp	0xd84	; 0xd84 <__vector_3>
      10:	0c 94 47 00 	jmp	0x8e	; 0x8e <__bad_interrupt>
      14:	0c 94 47 00 	jmp	0x8e	; 0x8e <__bad_interrupt>
      18:	0c 94 47 00 	jmp	0x8e	; 0x8e <__bad_interrupt>
      1c:	0c 94 f1 06 	jmp	0xde2	; 0xde2 <__vector_7>
      20:	0c 94 47 00 	jmp	0x8e	; 0x8e <__bad_interrupt>
      24:	0c 94 47 00 	jmp	0x8e	; 0x8e <__bad_interrupt>
      28:	0c 94 47 00 	jmp	0x8e	; 0x8e <__bad_interrupt>
      2c:	0c 94 47 00 	jmp	0x8e	; 0x8e <__bad_interrupt>
      30:	0c 94 47 00 	jmp	0x8e	; 0x8e <__bad_interrupt>
      34:	0c 94 47 00 	jmp	0x8e	; 0x8e <__bad_interrupt>
      38:	0c 94 47 00 	jmp	0x8e	; 0x8e <__bad_interrupt>
      3c:	0c 94 47 00 	jmp	0x8e	; 0x8e <__bad_interrupt>
      40:	0c 94 47 00 	jmp	0x8e	; 0x8e <__bad_interrupt>
      44:	0c 94 47 00 	jmp	0x8e	; 0x8e <__bad_interrupt>
      48:	0c 94 47 00 	jmp	0x8e	; 0x8e <__bad_interrupt>
      4c:	0c 94 47 00 	jmp	0x8e	; 0x8e <__bad_interrupt>
      50:	0c 94 47 00 	jmp	0x8e	; 0x8e <__bad_interrupt>

00000054 <__ctors_end>:
      54:	11 24       	eor	r1, r1
      56:	1f be       	out	0x3f, r1	; 63
      58:	cf e5       	ldi	r28, 0x5F	; 95
      5a:	d8 e0       	ldi	r29, 0x08	; 8
      5c:	de bf       	out	0x3e, r29	; 62
      5e:	cd bf       	out	0x3d, r28	; 61

00000060 <__do_clear_bss>:
      60:	10 e0       	ldi	r17, 0x00	; 0
      62:	a8 e6       	ldi	r26, 0x68	; 104
      64:	b0 e0       	ldi	r27, 0x00	; 0
      66:	01 c0       	rjmp	.+2      	; 0x6a <.do_clear_bss_start>

00000068 <.do_clear_bss_loop>:
      68:	1d 92       	st	X+, r1

0000006a <.do_clear_bss_start>:
      6a:	af 36       	cpi	r26, 0x6F	; 111
      6c:	b1 07       	cpc	r27, r17
      6e:	e1 f7       	brne	.-8      	; 0x68 <.do_clear_bss_loop>

00000070 <__do_copy_data>:
      70:	10 e0       	ldi	r17, 0x00	; 0
      72:	a0 e6       	ldi	r26, 0x60	; 96
      74:	b0 e0       	ldi	r27, 0x00	; 0
      76:	ee e0       	ldi	r30, 0x0E	; 14
      78:	fd e2       	ldi	r31, 0x2D	; 45
      7a:	02 c0       	rjmp	.+4      	; 0x80 <.do_copy_data_start>

0000007c <.do_copy_data_loop>:
      7c:	05 90       	lpm	r0, Z+
      7e:	0d 92       	st	X+, r0

00000080 <.do_copy_data_start>:
      80:	a8 36       	cpi	r26, 0x68	; 104
      82:	b1 07       	cpc	r27, r17
      84:	d9 f7       	brne	.-10     	; 0x7c <.do_copy_data_loop>
      86:	0e 94 51 0c 	call	0x18a2	; 0x18a2 <main>
      8a:	0c 94 85 16 	jmp	0x2d0a	; 0x2d0a <_exit>

0000008e <__bad_interrupt>:
      8e:	0c 94 00 00 	jmp	0	; 0x0 <__vectors>

00000092 <__fixunssfsi>:
      92:	ef 92       	push	r14
      94:	ff 92       	push	r15
      96:	0f 93       	push	r16
      98:	1f 93       	push	r17
      9a:	7b 01       	movw	r14, r22
      9c:	8c 01       	movw	r16, r24
      9e:	20 e0       	ldi	r18, 0x00	; 0
      a0:	30 e0       	ldi	r19, 0x00	; 0
      a2:	40 e0       	ldi	r20, 0x00	; 0
      a4:	5f e4       	ldi	r21, 0x4F	; 79
      a6:	0e 94 49 03 	call	0x692	; 0x692 <__gesf2>
      aa:	88 23       	and	r24, r24
      ac:	8c f0       	brlt	.+34     	; 0xd0 <__fixunssfsi+0x3e>
      ae:	c8 01       	movw	r24, r16
      b0:	b7 01       	movw	r22, r14
      b2:	20 e0       	ldi	r18, 0x00	; 0
      b4:	30 e0       	ldi	r19, 0x00	; 0
      b6:	40 e0       	ldi	r20, 0x00	; 0
      b8:	5f e4       	ldi	r21, 0x4F	; 79
      ba:	0e 94 c1 01 	call	0x382	; 0x382 <__subsf3>
      be:	0e 94 a9 03 	call	0x752	; 0x752 <__fixsfsi>
      c2:	9b 01       	movw	r18, r22
      c4:	ac 01       	movw	r20, r24
      c6:	20 50       	subi	r18, 0x00	; 0
      c8:	30 40       	sbci	r19, 0x00	; 0
      ca:	40 40       	sbci	r20, 0x00	; 0
      cc:	50 48       	sbci	r21, 0x80	; 128
      ce:	06 c0       	rjmp	.+12     	; 0xdc <__fixunssfsi+0x4a>
      d0:	c8 01       	movw	r24, r16
      d2:	b7 01       	movw	r22, r14
      d4:	0e 94 a9 03 	call	0x752	; 0x752 <__fixsfsi>
      d8:	9b 01       	movw	r18, r22
      da:	ac 01       	movw	r20, r24
      dc:	b9 01       	movw	r22, r18
      de:	ca 01       	movw	r24, r20
      e0:	1f 91       	pop	r17
      e2:	0f 91       	pop	r16
      e4:	ff 90       	pop	r15
      e6:	ef 90       	pop	r14
      e8:	08 95       	ret

000000ea <_fpadd_parts>:
      ea:	a0 e0       	ldi	r26, 0x00	; 0
      ec:	b0 e0       	ldi	r27, 0x00	; 0
      ee:	eb e7       	ldi	r30, 0x7B	; 123
      f0:	f0 e0       	ldi	r31, 0x00	; 0
      f2:	0c 94 4e 16 	jmp	0x2c9c	; 0x2c9c <__prologue_saves__>
      f6:	dc 01       	movw	r26, r24
      f8:	2b 01       	movw	r4, r22
      fa:	fa 01       	movw	r30, r20
      fc:	9c 91       	ld	r25, X
      fe:	92 30       	cpi	r25, 0x02	; 2
     100:	08 f4       	brcc	.+2      	; 0x104 <_fpadd_parts+0x1a>
     102:	39 c1       	rjmp	.+626    	; 0x376 <_fpadd_parts+0x28c>
     104:	eb 01       	movw	r28, r22
     106:	88 81       	ld	r24, Y
     108:	82 30       	cpi	r24, 0x02	; 2
     10a:	08 f4       	brcc	.+2      	; 0x10e <_fpadd_parts+0x24>
     10c:	33 c1       	rjmp	.+614    	; 0x374 <_fpadd_parts+0x28a>
     10e:	94 30       	cpi	r25, 0x04	; 4
     110:	69 f4       	brne	.+26     	; 0x12c <_fpadd_parts+0x42>
     112:	84 30       	cpi	r24, 0x04	; 4
     114:	09 f0       	breq	.+2      	; 0x118 <_fpadd_parts+0x2e>
     116:	2f c1       	rjmp	.+606    	; 0x376 <_fpadd_parts+0x28c>
     118:	11 96       	adiw	r26, 0x01	; 1
     11a:	9c 91       	ld	r25, X
     11c:	11 97       	sbiw	r26, 0x01	; 1
     11e:	89 81       	ldd	r24, Y+1	; 0x01
     120:	98 17       	cp	r25, r24
     122:	09 f4       	brne	.+2      	; 0x126 <_fpadd_parts+0x3c>
     124:	28 c1       	rjmp	.+592    	; 0x376 <_fpadd_parts+0x28c>
     126:	a0 e6       	ldi	r26, 0x60	; 96
     128:	b0 e0       	ldi	r27, 0x00	; 0
     12a:	25 c1       	rjmp	.+586    	; 0x376 <_fpadd_parts+0x28c>
     12c:	84 30       	cpi	r24, 0x04	; 4
     12e:	09 f4       	brne	.+2      	; 0x132 <_fpadd_parts+0x48>
     130:	21 c1       	rjmp	.+578    	; 0x374 <_fpadd_parts+0x28a>
     132:	82 30       	cpi	r24, 0x02	; 2
     134:	a9 f4       	brne	.+42     	; 0x160 <_fpadd_parts+0x76>
     136:	92 30       	cpi	r25, 0x02	; 2
     138:	09 f0       	breq	.+2      	; 0x13c <_fpadd_parts+0x52>
     13a:	1d c1       	rjmp	.+570    	; 0x376 <_fpadd_parts+0x28c>
     13c:	9a 01       	movw	r18, r20
     13e:	ad 01       	movw	r20, r26
     140:	88 e0       	ldi	r24, 0x08	; 8
     142:	ea 01       	movw	r28, r20
     144:	09 90       	ld	r0, Y+
     146:	ae 01       	movw	r20, r28
     148:	e9 01       	movw	r28, r18
     14a:	09 92       	st	Y+, r0
     14c:	9e 01       	movw	r18, r28
     14e:	81 50       	subi	r24, 0x01	; 1
     150:	c1 f7       	brne	.-16     	; 0x142 <_fpadd_parts+0x58>
     152:	e2 01       	movw	r28, r4
     154:	89 81       	ldd	r24, Y+1	; 0x01
     156:	11 96       	adiw	r26, 0x01	; 1
     158:	9c 91       	ld	r25, X
     15a:	89 23       	and	r24, r25
     15c:	81 83       	std	Z+1, r24	; 0x01
     15e:	08 c1       	rjmp	.+528    	; 0x370 <_fpadd_parts+0x286>
     160:	92 30       	cpi	r25, 0x02	; 2
     162:	09 f4       	brne	.+2      	; 0x166 <_fpadd_parts+0x7c>
     164:	07 c1       	rjmp	.+526    	; 0x374 <_fpadd_parts+0x28a>
     166:	12 96       	adiw	r26, 0x02	; 2
     168:	2d 90       	ld	r2, X+
     16a:	3c 90       	ld	r3, X
     16c:	13 97       	sbiw	r26, 0x03	; 3
     16e:	eb 01       	movw	r28, r22
     170:	8a 81       	ldd	r24, Y+2	; 0x02
     172:	9b 81       	ldd	r25, Y+3	; 0x03
     174:	14 96       	adiw	r26, 0x04	; 4
     176:	ad 90       	ld	r10, X+
     178:	bd 90       	ld	r11, X+
     17a:	cd 90       	ld	r12, X+
     17c:	dc 90       	ld	r13, X
     17e:	17 97       	sbiw	r26, 0x07	; 7
     180:	ec 80       	ldd	r14, Y+4	; 0x04
     182:	fd 80       	ldd	r15, Y+5	; 0x05
     184:	0e 81       	ldd	r16, Y+6	; 0x06
     186:	1f 81       	ldd	r17, Y+7	; 0x07
     188:	91 01       	movw	r18, r2
     18a:	28 1b       	sub	r18, r24
     18c:	39 0b       	sbc	r19, r25
     18e:	b9 01       	movw	r22, r18
     190:	37 ff       	sbrs	r19, 7
     192:	04 c0       	rjmp	.+8      	; 0x19c <_fpadd_parts+0xb2>
     194:	66 27       	eor	r22, r22
     196:	77 27       	eor	r23, r23
     198:	62 1b       	sub	r22, r18
     19a:	73 0b       	sbc	r23, r19
     19c:	60 32       	cpi	r22, 0x20	; 32
     19e:	71 05       	cpc	r23, r1
     1a0:	0c f0       	brlt	.+2      	; 0x1a4 <_fpadd_parts+0xba>
     1a2:	61 c0       	rjmp	.+194    	; 0x266 <_fpadd_parts+0x17c>
     1a4:	12 16       	cp	r1, r18
     1a6:	13 06       	cpc	r1, r19
     1a8:	6c f5       	brge	.+90     	; 0x204 <_fpadd_parts+0x11a>
     1aa:	37 01       	movw	r6, r14
     1ac:	48 01       	movw	r8, r16
     1ae:	06 2e       	mov	r0, r22
     1b0:	04 c0       	rjmp	.+8      	; 0x1ba <_fpadd_parts+0xd0>
     1b2:	96 94       	lsr	r9
     1b4:	87 94       	ror	r8
     1b6:	77 94       	ror	r7
     1b8:	67 94       	ror	r6
     1ba:	0a 94       	dec	r0
     1bc:	d2 f7       	brpl	.-12     	; 0x1b2 <_fpadd_parts+0xc8>
     1be:	21 e0       	ldi	r18, 0x01	; 1
     1c0:	30 e0       	ldi	r19, 0x00	; 0
     1c2:	40 e0       	ldi	r20, 0x00	; 0
     1c4:	50 e0       	ldi	r21, 0x00	; 0
     1c6:	04 c0       	rjmp	.+8      	; 0x1d0 <_fpadd_parts+0xe6>
     1c8:	22 0f       	add	r18, r18
     1ca:	33 1f       	adc	r19, r19
     1cc:	44 1f       	adc	r20, r20
     1ce:	55 1f       	adc	r21, r21
     1d0:	6a 95       	dec	r22
     1d2:	d2 f7       	brpl	.-12     	; 0x1c8 <_fpadd_parts+0xde>
     1d4:	21 50       	subi	r18, 0x01	; 1
     1d6:	30 40       	sbci	r19, 0x00	; 0
     1d8:	40 40       	sbci	r20, 0x00	; 0
     1da:	50 40       	sbci	r21, 0x00	; 0
     1dc:	2e 21       	and	r18, r14
     1de:	3f 21       	and	r19, r15
     1e0:	40 23       	and	r20, r16
     1e2:	51 23       	and	r21, r17
     1e4:	21 15       	cp	r18, r1
     1e6:	31 05       	cpc	r19, r1
     1e8:	41 05       	cpc	r20, r1
     1ea:	51 05       	cpc	r21, r1
     1ec:	21 f0       	breq	.+8      	; 0x1f6 <_fpadd_parts+0x10c>
     1ee:	21 e0       	ldi	r18, 0x01	; 1
     1f0:	30 e0       	ldi	r19, 0x00	; 0
     1f2:	40 e0       	ldi	r20, 0x00	; 0
     1f4:	50 e0       	ldi	r21, 0x00	; 0
     1f6:	79 01       	movw	r14, r18
     1f8:	8a 01       	movw	r16, r20
     1fa:	e6 28       	or	r14, r6
     1fc:	f7 28       	or	r15, r7
     1fe:	08 29       	or	r16, r8
     200:	19 29       	or	r17, r9
     202:	3c c0       	rjmp	.+120    	; 0x27c <_fpadd_parts+0x192>
     204:	23 2b       	or	r18, r19
     206:	d1 f1       	breq	.+116    	; 0x27c <_fpadd_parts+0x192>
     208:	26 0e       	add	r2, r22
     20a:	37 1e       	adc	r3, r23
     20c:	35 01       	movw	r6, r10
     20e:	46 01       	movw	r8, r12
     210:	06 2e       	mov	r0, r22
     212:	04 c0       	rjmp	.+8      	; 0x21c <_fpadd_parts+0x132>
     214:	96 94       	lsr	r9
     216:	87 94       	ror	r8
     218:	77 94       	ror	r7
     21a:	67 94       	ror	r6
     21c:	0a 94       	dec	r0
     21e:	d2 f7       	brpl	.-12     	; 0x214 <_fpadd_parts+0x12a>
     220:	21 e0       	ldi	r18, 0x01	; 1
     222:	30 e0       	ldi	r19, 0x00	; 0
     224:	40 e0       	ldi	r20, 0x00	; 0
     226:	50 e0       	ldi	r21, 0x00	; 0
     228:	04 c0       	rjmp	.+8      	; 0x232 <_fpadd_parts+0x148>
     22a:	22 0f       	add	r18, r18
     22c:	33 1f       	adc	r19, r19
     22e:	44 1f       	adc	r20, r20
     230:	55 1f       	adc	r21, r21
     232:	6a 95       	dec	r22
     234:	d2 f7       	brpl	.-12     	; 0x22a <_fpadd_parts+0x140>
     236:	21 50       	subi	r18, 0x01	; 1
     238:	30 40       	sbci	r19, 0x00	; 0
     23a:	40 40       	sbci	r20, 0x00	; 0
     23c:	50 40       	sbci	r21, 0x00	; 0
     23e:	2a 21       	and	r18, r10
     240:	3b 21       	and	r19, r11
     242:	4c 21       	and	r20, r12
     244:	5d 21       	and	r21, r13
     246:	21 15       	cp	r18, r1
     248:	31 05       	cpc	r19, r1
     24a:	41 05       	cpc	r20, r1
     24c:	51 05       	cpc	r21, r1
     24e:	21 f0       	breq	.+8      	; 0x258 <_fpadd_parts+0x16e>
     250:	21 e0       	ldi	r18, 0x01	; 1
     252:	30 e0       	ldi	r19, 0x00	; 0
     254:	40 e0       	ldi	r20, 0x00	; 0
     256:	50 e0       	ldi	r21, 0x00	; 0
     258:	59 01       	movw	r10, r18
     25a:	6a 01       	movw	r12, r20
     25c:	a6 28       	or	r10, r6
     25e:	b7 28       	or	r11, r7
     260:	c8 28       	or	r12, r8
     262:	d9 28       	or	r13, r9
     264:	0b c0       	rjmp	.+22     	; 0x27c <_fpadd_parts+0x192>
     266:	82 15       	cp	r24, r2
     268:	93 05       	cpc	r25, r3
     26a:	2c f0       	brlt	.+10     	; 0x276 <_fpadd_parts+0x18c>
     26c:	1c 01       	movw	r2, r24
     26e:	aa 24       	eor	r10, r10
     270:	bb 24       	eor	r11, r11
     272:	65 01       	movw	r12, r10
     274:	03 c0       	rjmp	.+6      	; 0x27c <_fpadd_parts+0x192>
     276:	ee 24       	eor	r14, r14
     278:	ff 24       	eor	r15, r15
     27a:	87 01       	movw	r16, r14
     27c:	11 96       	adiw	r26, 0x01	; 1
     27e:	9c 91       	ld	r25, X
     280:	d2 01       	movw	r26, r4
     282:	11 96       	adiw	r26, 0x01	; 1
     284:	8c 91       	ld	r24, X
     286:	98 17       	cp	r25, r24
     288:	09 f4       	brne	.+2      	; 0x28c <_fpadd_parts+0x1a2>
     28a:	45 c0       	rjmp	.+138    	; 0x316 <_fpadd_parts+0x22c>
     28c:	99 23       	and	r25, r25
     28e:	39 f0       	breq	.+14     	; 0x29e <_fpadd_parts+0x1b4>
     290:	a8 01       	movw	r20, r16
     292:	97 01       	movw	r18, r14
     294:	2a 19       	sub	r18, r10
     296:	3b 09       	sbc	r19, r11
     298:	4c 09       	sbc	r20, r12
     29a:	5d 09       	sbc	r21, r13
     29c:	06 c0       	rjmp	.+12     	; 0x2aa <_fpadd_parts+0x1c0>
     29e:	a6 01       	movw	r20, r12
     2a0:	95 01       	movw	r18, r10
     2a2:	2e 19       	sub	r18, r14
     2a4:	3f 09       	sbc	r19, r15
     2a6:	40 0b       	sbc	r20, r16
     2a8:	51 0b       	sbc	r21, r17
     2aa:	57 fd       	sbrc	r21, 7
     2ac:	08 c0       	rjmp	.+16     	; 0x2be <_fpadd_parts+0x1d4>
     2ae:	11 82       	std	Z+1, r1	; 0x01
     2b0:	33 82       	std	Z+3, r3	; 0x03
     2b2:	22 82       	std	Z+2, r2	; 0x02
     2b4:	24 83       	std	Z+4, r18	; 0x04
     2b6:	35 83       	std	Z+5, r19	; 0x05
     2b8:	46 83       	std	Z+6, r20	; 0x06
     2ba:	57 83       	std	Z+7, r21	; 0x07
     2bc:	1d c0       	rjmp	.+58     	; 0x2f8 <_fpadd_parts+0x20e>
     2be:	81 e0       	ldi	r24, 0x01	; 1
     2c0:	81 83       	std	Z+1, r24	; 0x01
     2c2:	33 82       	std	Z+3, r3	; 0x03
     2c4:	22 82       	std	Z+2, r2	; 0x02
     2c6:	88 27       	eor	r24, r24
     2c8:	99 27       	eor	r25, r25
     2ca:	dc 01       	movw	r26, r24
     2cc:	82 1b       	sub	r24, r18
     2ce:	93 0b       	sbc	r25, r19
     2d0:	a4 0b       	sbc	r26, r20
     2d2:	b5 0b       	sbc	r27, r21
     2d4:	84 83       	std	Z+4, r24	; 0x04
     2d6:	95 83       	std	Z+5, r25	; 0x05
     2d8:	a6 83       	std	Z+6, r26	; 0x06
     2da:	b7 83       	std	Z+7, r27	; 0x07
     2dc:	0d c0       	rjmp	.+26     	; 0x2f8 <_fpadd_parts+0x20e>
     2de:	22 0f       	add	r18, r18
     2e0:	33 1f       	adc	r19, r19
     2e2:	44 1f       	adc	r20, r20
     2e4:	55 1f       	adc	r21, r21
     2e6:	24 83       	std	Z+4, r18	; 0x04
     2e8:	35 83       	std	Z+5, r19	; 0x05
     2ea:	46 83       	std	Z+6, r20	; 0x06
     2ec:	57 83       	std	Z+7, r21	; 0x07
     2ee:	82 81       	ldd	r24, Z+2	; 0x02
     2f0:	93 81       	ldd	r25, Z+3	; 0x03
     2f2:	01 97       	sbiw	r24, 0x01	; 1
     2f4:	93 83       	std	Z+3, r25	; 0x03
     2f6:	82 83       	std	Z+2, r24	; 0x02
     2f8:	24 81       	ldd	r18, Z+4	; 0x04
     2fa:	35 81       	ldd	r19, Z+5	; 0x05
     2fc:	46 81       	ldd	r20, Z+6	; 0x06
     2fe:	57 81       	ldd	r21, Z+7	; 0x07
     300:	da 01       	movw	r26, r20
     302:	c9 01       	movw	r24, r18
     304:	01 97       	sbiw	r24, 0x01	; 1
     306:	a1 09       	sbc	r26, r1
     308:	b1 09       	sbc	r27, r1
     30a:	8f 5f       	subi	r24, 0xFF	; 255
     30c:	9f 4f       	sbci	r25, 0xFF	; 255
     30e:	af 4f       	sbci	r26, 0xFF	; 255
     310:	bf 43       	sbci	r27, 0x3F	; 63
     312:	28 f3       	brcs	.-54     	; 0x2de <_fpadd_parts+0x1f4>
     314:	0b c0       	rjmp	.+22     	; 0x32c <_fpadd_parts+0x242>
     316:	91 83       	std	Z+1, r25	; 0x01
     318:	33 82       	std	Z+3, r3	; 0x03
     31a:	22 82       	std	Z+2, r2	; 0x02
     31c:	ea 0c       	add	r14, r10
     31e:	fb 1c       	adc	r15, r11
     320:	0c 1d       	adc	r16, r12
     322:	1d 1d       	adc	r17, r13
     324:	e4 82       	std	Z+4, r14	; 0x04
     326:	f5 82       	std	Z+5, r15	; 0x05
     328:	06 83       	std	Z+6, r16	; 0x06
     32a:	17 83       	std	Z+7, r17	; 0x07
     32c:	83 e0       	ldi	r24, 0x03	; 3
     32e:	80 83       	st	Z, r24
     330:	24 81       	ldd	r18, Z+4	; 0x04
     332:	35 81       	ldd	r19, Z+5	; 0x05
     334:	46 81       	ldd	r20, Z+6	; 0x06
     336:	57 81       	ldd	r21, Z+7	; 0x07
     338:	57 ff       	sbrs	r21, 7
     33a:	1a c0       	rjmp	.+52     	; 0x370 <_fpadd_parts+0x286>
     33c:	c9 01       	movw	r24, r18
     33e:	aa 27       	eor	r26, r26
     340:	97 fd       	sbrc	r25, 7
     342:	a0 95       	com	r26
     344:	ba 2f       	mov	r27, r26
     346:	81 70       	andi	r24, 0x01	; 1
     348:	90 70       	andi	r25, 0x00	; 0
     34a:	a0 70       	andi	r26, 0x00	; 0
     34c:	b0 70       	andi	r27, 0x00	; 0
     34e:	56 95       	lsr	r21
     350:	47 95       	ror	r20
     352:	37 95       	ror	r19
     354:	27 95       	ror	r18
     356:	82 2b       	or	r24, r18
     358:	93 2b       	or	r25, r19
     35a:	a4 2b       	or	r26, r20
     35c:	b5 2b       	or	r27, r21
     35e:	84 83       	std	Z+4, r24	; 0x04
     360:	95 83       	std	Z+5, r25	; 0x05
     362:	a6 83       	std	Z+6, r26	; 0x06
     364:	b7 83       	std	Z+7, r27	; 0x07
     366:	82 81       	ldd	r24, Z+2	; 0x02
     368:	93 81       	ldd	r25, Z+3	; 0x03
     36a:	01 96       	adiw	r24, 0x01	; 1
     36c:	93 83       	std	Z+3, r25	; 0x03
     36e:	82 83       	std	Z+2, r24	; 0x02
     370:	df 01       	movw	r26, r30
     372:	01 c0       	rjmp	.+2      	; 0x376 <_fpadd_parts+0x28c>
     374:	d2 01       	movw	r26, r4
     376:	cd 01       	movw	r24, r26
     378:	cd b7       	in	r28, 0x3d	; 61
     37a:	de b7       	in	r29, 0x3e	; 62
     37c:	e2 e1       	ldi	r30, 0x12	; 18
     37e:	0c 94 6a 16 	jmp	0x2cd4	; 0x2cd4 <__epilogue_restores__>

00000382 <__subsf3>:
     382:	a0 e2       	ldi	r26, 0x20	; 32
     384:	b0 e0       	ldi	r27, 0x00	; 0
     386:	e7 ec       	ldi	r30, 0xC7	; 199
     388:	f1 e0       	ldi	r31, 0x01	; 1
     38a:	0c 94 5a 16 	jmp	0x2cb4	; 0x2cb4 <__prologue_saves__+0x18>
     38e:	69 83       	std	Y+1, r22	; 0x01
     390:	7a 83       	std	Y+2, r23	; 0x02
     392:	8b 83       	std	Y+3, r24	; 0x03
     394:	9c 83       	std	Y+4, r25	; 0x04
     396:	2d 83       	std	Y+5, r18	; 0x05
     398:	3e 83       	std	Y+6, r19	; 0x06
     39a:	4f 83       	std	Y+7, r20	; 0x07
     39c:	58 87       	std	Y+8, r21	; 0x08
     39e:	e9 e0       	ldi	r30, 0x09	; 9
     3a0:	ee 2e       	mov	r14, r30
     3a2:	f1 2c       	mov	r15, r1
     3a4:	ec 0e       	add	r14, r28
     3a6:	fd 1e       	adc	r15, r29
     3a8:	ce 01       	movw	r24, r28
     3aa:	01 96       	adiw	r24, 0x01	; 1
     3ac:	b7 01       	movw	r22, r14
     3ae:	0e 94 d2 04 	call	0x9a4	; 0x9a4 <__unpack_f>
     3b2:	8e 01       	movw	r16, r28
     3b4:	0f 5e       	subi	r16, 0xEF	; 239
     3b6:	1f 4f       	sbci	r17, 0xFF	; 255
     3b8:	ce 01       	movw	r24, r28
     3ba:	05 96       	adiw	r24, 0x05	; 5
     3bc:	b8 01       	movw	r22, r16
     3be:	0e 94 d2 04 	call	0x9a4	; 0x9a4 <__unpack_f>
     3c2:	8a 89       	ldd	r24, Y+18	; 0x12
     3c4:	91 e0       	ldi	r25, 0x01	; 1
     3c6:	89 27       	eor	r24, r25
     3c8:	8a 8b       	std	Y+18, r24	; 0x12
     3ca:	c7 01       	movw	r24, r14
     3cc:	b8 01       	movw	r22, r16
     3ce:	ae 01       	movw	r20, r28
     3d0:	47 5e       	subi	r20, 0xE7	; 231
     3d2:	5f 4f       	sbci	r21, 0xFF	; 255
     3d4:	0e 94 75 00 	call	0xea	; 0xea <_fpadd_parts>
     3d8:	0e 94 fd 03 	call	0x7fa	; 0x7fa <__pack_f>
     3dc:	a0 96       	adiw	r28, 0x20	; 32
     3de:	e6 e0       	ldi	r30, 0x06	; 6
     3e0:	0c 94 76 16 	jmp	0x2cec	; 0x2cec <__epilogue_restores__+0x18>

000003e4 <__addsf3>:
     3e4:	a0 e2       	ldi	r26, 0x20	; 32
     3e6:	b0 e0       	ldi	r27, 0x00	; 0
     3e8:	e8 ef       	ldi	r30, 0xF8	; 248
     3ea:	f1 e0       	ldi	r31, 0x01	; 1
     3ec:	0c 94 5a 16 	jmp	0x2cb4	; 0x2cb4 <__prologue_saves__+0x18>
     3f0:	69 83       	std	Y+1, r22	; 0x01
     3f2:	7a 83       	std	Y+2, r23	; 0x02
     3f4:	8b 83       	std	Y+3, r24	; 0x03
     3f6:	9c 83       	std	Y+4, r25	; 0x04
     3f8:	2d 83       	std	Y+5, r18	; 0x05
     3fa:	3e 83       	std	Y+6, r19	; 0x06
     3fc:	4f 83       	std	Y+7, r20	; 0x07
     3fe:	58 87       	std	Y+8, r21	; 0x08
     400:	f9 e0       	ldi	r31, 0x09	; 9
     402:	ef 2e       	mov	r14, r31
     404:	f1 2c       	mov	r15, r1
     406:	ec 0e       	add	r14, r28
     408:	fd 1e       	adc	r15, r29
     40a:	ce 01       	movw	r24, r28
     40c:	01 96       	adiw	r24, 0x01	; 1
     40e:	b7 01       	movw	r22, r14
     410:	0e 94 d2 04 	call	0x9a4	; 0x9a4 <__unpack_f>
     414:	8e 01       	movw	r16, r28
     416:	0f 5e       	subi	r16, 0xEF	; 239
     418:	1f 4f       	sbci	r17, 0xFF	; 255
     41a:	ce 01       	movw	r24, r28
     41c:	05 96       	adiw	r24, 0x05	; 5
     41e:	b8 01       	movw	r22, r16
     420:	0e 94 d2 04 	call	0x9a4	; 0x9a4 <__unpack_f>
     424:	c7 01       	movw	r24, r14
     426:	b8 01       	movw	r22, r16
     428:	ae 01       	movw	r20, r28
     42a:	47 5e       	subi	r20, 0xE7	; 231
     42c:	5f 4f       	sbci	r21, 0xFF	; 255
     42e:	0e 94 75 00 	call	0xea	; 0xea <_fpadd_parts>
     432:	0e 94 fd 03 	call	0x7fa	; 0x7fa <__pack_f>
     436:	a0 96       	adiw	r28, 0x20	; 32
     438:	e6 e0       	ldi	r30, 0x06	; 6
     43a:	0c 94 76 16 	jmp	0x2cec	; 0x2cec <__epilogue_restores__+0x18>

0000043e <__mulsf3>:
     43e:	a0 e2       	ldi	r26, 0x20	; 32
     440:	b0 e0       	ldi	r27, 0x00	; 0
     442:	e5 e2       	ldi	r30, 0x25	; 37
     444:	f2 e0       	ldi	r31, 0x02	; 2
     446:	0c 94 4e 16 	jmp	0x2c9c	; 0x2c9c <__prologue_saves__>
     44a:	69 83       	std	Y+1, r22	; 0x01
     44c:	7a 83       	std	Y+2, r23	; 0x02
     44e:	8b 83       	std	Y+3, r24	; 0x03
     450:	9c 83       	std	Y+4, r25	; 0x04
     452:	2d 83       	std	Y+5, r18	; 0x05
     454:	3e 83       	std	Y+6, r19	; 0x06
     456:	4f 83       	std	Y+7, r20	; 0x07
     458:	58 87       	std	Y+8, r21	; 0x08
     45a:	ce 01       	movw	r24, r28
     45c:	01 96       	adiw	r24, 0x01	; 1
     45e:	be 01       	movw	r22, r28
     460:	67 5f       	subi	r22, 0xF7	; 247
     462:	7f 4f       	sbci	r23, 0xFF	; 255
     464:	0e 94 d2 04 	call	0x9a4	; 0x9a4 <__unpack_f>
     468:	ce 01       	movw	r24, r28
     46a:	05 96       	adiw	r24, 0x05	; 5
     46c:	be 01       	movw	r22, r28
     46e:	6f 5e       	subi	r22, 0xEF	; 239
     470:	7f 4f       	sbci	r23, 0xFF	; 255
     472:	0e 94 d2 04 	call	0x9a4	; 0x9a4 <__unpack_f>
     476:	99 85       	ldd	r25, Y+9	; 0x09
     478:	92 30       	cpi	r25, 0x02	; 2
     47a:	88 f0       	brcs	.+34     	; 0x49e <__mulsf3+0x60>
     47c:	89 89       	ldd	r24, Y+17	; 0x11
     47e:	82 30       	cpi	r24, 0x02	; 2
     480:	c8 f0       	brcs	.+50     	; 0x4b4 <__mulsf3+0x76>
     482:	94 30       	cpi	r25, 0x04	; 4
     484:	19 f4       	brne	.+6      	; 0x48c <__mulsf3+0x4e>
     486:	82 30       	cpi	r24, 0x02	; 2
     488:	51 f4       	brne	.+20     	; 0x49e <__mulsf3+0x60>
     48a:	04 c0       	rjmp	.+8      	; 0x494 <__mulsf3+0x56>
     48c:	84 30       	cpi	r24, 0x04	; 4
     48e:	29 f4       	brne	.+10     	; 0x49a <__mulsf3+0x5c>
     490:	92 30       	cpi	r25, 0x02	; 2
     492:	81 f4       	brne	.+32     	; 0x4b4 <__mulsf3+0x76>
     494:	80 e6       	ldi	r24, 0x60	; 96
     496:	90 e0       	ldi	r25, 0x00	; 0
     498:	c6 c0       	rjmp	.+396    	; 0x626 <__mulsf3+0x1e8>
     49a:	92 30       	cpi	r25, 0x02	; 2
     49c:	49 f4       	brne	.+18     	; 0x4b0 <__mulsf3+0x72>
     49e:	20 e0       	ldi	r18, 0x00	; 0
     4a0:	9a 85       	ldd	r25, Y+10	; 0x0a
     4a2:	8a 89       	ldd	r24, Y+18	; 0x12
     4a4:	98 13       	cpse	r25, r24
     4a6:	21 e0       	ldi	r18, 0x01	; 1
     4a8:	2a 87       	std	Y+10, r18	; 0x0a
     4aa:	ce 01       	movw	r24, r28
     4ac:	09 96       	adiw	r24, 0x09	; 9
     4ae:	bb c0       	rjmp	.+374    	; 0x626 <__mulsf3+0x1e8>
     4b0:	82 30       	cpi	r24, 0x02	; 2
     4b2:	49 f4       	brne	.+18     	; 0x4c6 <__mulsf3+0x88>
     4b4:	20 e0       	ldi	r18, 0x00	; 0
     4b6:	9a 85       	ldd	r25, Y+10	; 0x0a
     4b8:	8a 89       	ldd	r24, Y+18	; 0x12
     4ba:	98 13       	cpse	r25, r24
     4bc:	21 e0       	ldi	r18, 0x01	; 1
     4be:	2a 8b       	std	Y+18, r18	; 0x12
     4c0:	ce 01       	movw	r24, r28
     4c2:	41 96       	adiw	r24, 0x11	; 17
     4c4:	b0 c0       	rjmp	.+352    	; 0x626 <__mulsf3+0x1e8>
     4c6:	2d 84       	ldd	r2, Y+13	; 0x0d
     4c8:	3e 84       	ldd	r3, Y+14	; 0x0e
     4ca:	4f 84       	ldd	r4, Y+15	; 0x0f
     4cc:	58 88       	ldd	r5, Y+16	; 0x10
     4ce:	6d 88       	ldd	r6, Y+21	; 0x15
     4d0:	7e 88       	ldd	r7, Y+22	; 0x16
     4d2:	8f 88       	ldd	r8, Y+23	; 0x17
     4d4:	98 8c       	ldd	r9, Y+24	; 0x18
     4d6:	ee 24       	eor	r14, r14
     4d8:	ff 24       	eor	r15, r15
     4da:	87 01       	movw	r16, r14
     4dc:	aa 24       	eor	r10, r10
     4de:	bb 24       	eor	r11, r11
     4e0:	65 01       	movw	r12, r10
     4e2:	40 e0       	ldi	r20, 0x00	; 0
     4e4:	50 e0       	ldi	r21, 0x00	; 0
     4e6:	60 e0       	ldi	r22, 0x00	; 0
     4e8:	70 e0       	ldi	r23, 0x00	; 0
     4ea:	e0 e0       	ldi	r30, 0x00	; 0
     4ec:	f0 e0       	ldi	r31, 0x00	; 0
     4ee:	c1 01       	movw	r24, r2
     4f0:	81 70       	andi	r24, 0x01	; 1
     4f2:	90 70       	andi	r25, 0x00	; 0
     4f4:	89 2b       	or	r24, r25
     4f6:	e9 f0       	breq	.+58     	; 0x532 <__mulsf3+0xf4>
     4f8:	e6 0c       	add	r14, r6
     4fa:	f7 1c       	adc	r15, r7
     4fc:	08 1d       	adc	r16, r8
     4fe:	19 1d       	adc	r17, r9
     500:	9a 01       	movw	r18, r20
     502:	ab 01       	movw	r20, r22
     504:	2a 0d       	add	r18, r10
     506:	3b 1d       	adc	r19, r11
     508:	4c 1d       	adc	r20, r12
     50a:	5d 1d       	adc	r21, r13
     50c:	80 e0       	ldi	r24, 0x00	; 0
     50e:	90 e0       	ldi	r25, 0x00	; 0
     510:	a0 e0       	ldi	r26, 0x00	; 0
     512:	b0 e0       	ldi	r27, 0x00	; 0
     514:	e6 14       	cp	r14, r6
     516:	f7 04       	cpc	r15, r7
     518:	08 05       	cpc	r16, r8
     51a:	19 05       	cpc	r17, r9
     51c:	20 f4       	brcc	.+8      	; 0x526 <__mulsf3+0xe8>
     51e:	81 e0       	ldi	r24, 0x01	; 1
     520:	90 e0       	ldi	r25, 0x00	; 0
     522:	a0 e0       	ldi	r26, 0x00	; 0
     524:	b0 e0       	ldi	r27, 0x00	; 0
     526:	ba 01       	movw	r22, r20
     528:	a9 01       	movw	r20, r18
     52a:	48 0f       	add	r20, r24
     52c:	59 1f       	adc	r21, r25
     52e:	6a 1f       	adc	r22, r26
     530:	7b 1f       	adc	r23, r27
     532:	aa 0c       	add	r10, r10
     534:	bb 1c       	adc	r11, r11
     536:	cc 1c       	adc	r12, r12
     538:	dd 1c       	adc	r13, r13
     53a:	97 fe       	sbrs	r9, 7
     53c:	08 c0       	rjmp	.+16     	; 0x54e <__mulsf3+0x110>
     53e:	81 e0       	ldi	r24, 0x01	; 1
     540:	90 e0       	ldi	r25, 0x00	; 0
     542:	a0 e0       	ldi	r26, 0x00	; 0
     544:	b0 e0       	ldi	r27, 0x00	; 0
     546:	a8 2a       	or	r10, r24
     548:	b9 2a       	or	r11, r25
     54a:	ca 2a       	or	r12, r26
     54c:	db 2a       	or	r13, r27
     54e:	31 96       	adiw	r30, 0x01	; 1
     550:	e0 32       	cpi	r30, 0x20	; 32
     552:	f1 05       	cpc	r31, r1
     554:	49 f0       	breq	.+18     	; 0x568 <__mulsf3+0x12a>
     556:	66 0c       	add	r6, r6
     558:	77 1c       	adc	r7, r7
     55a:	88 1c       	adc	r8, r8
     55c:	99 1c       	adc	r9, r9
     55e:	56 94       	lsr	r5
     560:	47 94       	ror	r4
     562:	37 94       	ror	r3
     564:	27 94       	ror	r2
     566:	c3 cf       	rjmp	.-122    	; 0x4ee <__mulsf3+0xb0>
     568:	fa 85       	ldd	r31, Y+10	; 0x0a
     56a:	ea 89       	ldd	r30, Y+18	; 0x12
     56c:	2b 89       	ldd	r18, Y+19	; 0x13
     56e:	3c 89       	ldd	r19, Y+20	; 0x14
     570:	8b 85       	ldd	r24, Y+11	; 0x0b
     572:	9c 85       	ldd	r25, Y+12	; 0x0c
     574:	28 0f       	add	r18, r24
     576:	39 1f       	adc	r19, r25
     578:	2e 5f       	subi	r18, 0xFE	; 254
     57a:	3f 4f       	sbci	r19, 0xFF	; 255
     57c:	17 c0       	rjmp	.+46     	; 0x5ac <__mulsf3+0x16e>
     57e:	ca 01       	movw	r24, r20
     580:	81 70       	andi	r24, 0x01	; 1
     582:	90 70       	andi	r25, 0x00	; 0
     584:	89 2b       	or	r24, r25
     586:	61 f0       	breq	.+24     	; 0x5a0 <__mulsf3+0x162>
     588:	16 95       	lsr	r17
     58a:	07 95       	ror	r16
     58c:	f7 94       	ror	r15
     58e:	e7 94       	ror	r14
     590:	80 e0       	ldi	r24, 0x00	; 0
     592:	90 e0       	ldi	r25, 0x00	; 0
     594:	a0 e0       	ldi	r26, 0x00	; 0
     596:	b0 e8       	ldi	r27, 0x80	; 128
     598:	e8 2a       	or	r14, r24
     59a:	f9 2a       	or	r15, r25
     59c:	0a 2b       	or	r16, r26
     59e:	1b 2b       	or	r17, r27
     5a0:	76 95       	lsr	r23
     5a2:	67 95       	ror	r22
     5a4:	57 95       	ror	r21
     5a6:	47 95       	ror	r20
     5a8:	2f 5f       	subi	r18, 0xFF	; 255
     5aa:	3f 4f       	sbci	r19, 0xFF	; 255
     5ac:	77 fd       	sbrc	r23, 7
     5ae:	e7 cf       	rjmp	.-50     	; 0x57e <__mulsf3+0x140>
     5b0:	0c c0       	rjmp	.+24     	; 0x5ca <__mulsf3+0x18c>
     5b2:	44 0f       	add	r20, r20
     5b4:	55 1f       	adc	r21, r21
     5b6:	66 1f       	adc	r22, r22
     5b8:	77 1f       	adc	r23, r23
     5ba:	17 fd       	sbrc	r17, 7
     5bc:	41 60       	ori	r20, 0x01	; 1
     5be:	ee 0c       	add	r14, r14
     5c0:	ff 1c       	adc	r15, r15
     5c2:	00 1f       	adc	r16, r16
     5c4:	11 1f       	adc	r17, r17
     5c6:	21 50       	subi	r18, 0x01	; 1
     5c8:	30 40       	sbci	r19, 0x00	; 0
     5ca:	40 30       	cpi	r20, 0x00	; 0
     5cc:	90 e0       	ldi	r25, 0x00	; 0
     5ce:	59 07       	cpc	r21, r25
     5d0:	90 e0       	ldi	r25, 0x00	; 0
     5d2:	69 07       	cpc	r22, r25
     5d4:	90 e4       	ldi	r25, 0x40	; 64
     5d6:	79 07       	cpc	r23, r25
     5d8:	60 f3       	brcs	.-40     	; 0x5b2 <__mulsf3+0x174>
     5da:	2b 8f       	std	Y+27, r18	; 0x1b
     5dc:	3c 8f       	std	Y+28, r19	; 0x1c
     5de:	db 01       	movw	r26, r22
     5e0:	ca 01       	movw	r24, r20
     5e2:	8f 77       	andi	r24, 0x7F	; 127
     5e4:	90 70       	andi	r25, 0x00	; 0
     5e6:	a0 70       	andi	r26, 0x00	; 0
     5e8:	b0 70       	andi	r27, 0x00	; 0
     5ea:	80 34       	cpi	r24, 0x40	; 64
     5ec:	91 05       	cpc	r25, r1
     5ee:	a1 05       	cpc	r26, r1
     5f0:	b1 05       	cpc	r27, r1
     5f2:	61 f4       	brne	.+24     	; 0x60c <__mulsf3+0x1ce>
     5f4:	47 fd       	sbrc	r20, 7
     5f6:	0a c0       	rjmp	.+20     	; 0x60c <__mulsf3+0x1ce>
     5f8:	e1 14       	cp	r14, r1
     5fa:	f1 04       	cpc	r15, r1
     5fc:	01 05       	cpc	r16, r1
     5fe:	11 05       	cpc	r17, r1
     600:	29 f0       	breq	.+10     	; 0x60c <__mulsf3+0x1ce>
     602:	40 5c       	subi	r20, 0xC0	; 192
     604:	5f 4f       	sbci	r21, 0xFF	; 255
     606:	6f 4f       	sbci	r22, 0xFF	; 255
     608:	7f 4f       	sbci	r23, 0xFF	; 255
     60a:	40 78       	andi	r20, 0x80	; 128
     60c:	1a 8e       	std	Y+26, r1	; 0x1a
     60e:	fe 17       	cp	r31, r30
     610:	11 f0       	breq	.+4      	; 0x616 <__mulsf3+0x1d8>
     612:	81 e0       	ldi	r24, 0x01	; 1
     614:	8a 8f       	std	Y+26, r24	; 0x1a
     616:	4d 8f       	std	Y+29, r20	; 0x1d
     618:	5e 8f       	std	Y+30, r21	; 0x1e
     61a:	6f 8f       	std	Y+31, r22	; 0x1f
     61c:	78 a3       	std	Y+32, r23	; 0x20
     61e:	83 e0       	ldi	r24, 0x03	; 3
     620:	89 8f       	std	Y+25, r24	; 0x19
     622:	ce 01       	movw	r24, r28
     624:	49 96       	adiw	r24, 0x19	; 25
     626:	0e 94 fd 03 	call	0x7fa	; 0x7fa <__pack_f>
     62a:	a0 96       	adiw	r28, 0x20	; 32
     62c:	e2 e1       	ldi	r30, 0x12	; 18
     62e:	0c 94 6a 16 	jmp	0x2cd4	; 0x2cd4 <__epilogue_restores__>

00000632 <__gtsf2>:
     632:	a8 e1       	ldi	r26, 0x18	; 24
     634:	b0 e0       	ldi	r27, 0x00	; 0
     636:	ef e1       	ldi	r30, 0x1F	; 31
     638:	f3 e0       	ldi	r31, 0x03	; 3
     63a:	0c 94 5a 16 	jmp	0x2cb4	; 0x2cb4 <__prologue_saves__+0x18>
     63e:	69 83       	std	Y+1, r22	; 0x01
     640:	7a 83       	std	Y+2, r23	; 0x02
     642:	8b 83       	std	Y+3, r24	; 0x03
     644:	9c 83       	std	Y+4, r25	; 0x04
     646:	2d 83       	std	Y+5, r18	; 0x05
     648:	3e 83       	std	Y+6, r19	; 0x06
     64a:	4f 83       	std	Y+7, r20	; 0x07
     64c:	58 87       	std	Y+8, r21	; 0x08
     64e:	89 e0       	ldi	r24, 0x09	; 9
     650:	e8 2e       	mov	r14, r24
     652:	f1 2c       	mov	r15, r1
     654:	ec 0e       	add	r14, r28
     656:	fd 1e       	adc	r15, r29
     658:	ce 01       	movw	r24, r28
     65a:	01 96       	adiw	r24, 0x01	; 1
     65c:	b7 01       	movw	r22, r14
     65e:	0e 94 d2 04 	call	0x9a4	; 0x9a4 <__unpack_f>
     662:	8e 01       	movw	r16, r28
     664:	0f 5e       	subi	r16, 0xEF	; 239
     666:	1f 4f       	sbci	r17, 0xFF	; 255
     668:	ce 01       	movw	r24, r28
     66a:	05 96       	adiw	r24, 0x05	; 5
     66c:	b8 01       	movw	r22, r16
     66e:	0e 94 d2 04 	call	0x9a4	; 0x9a4 <__unpack_f>
     672:	89 85       	ldd	r24, Y+9	; 0x09
     674:	82 30       	cpi	r24, 0x02	; 2
     676:	40 f0       	brcs	.+16     	; 0x688 <__gtsf2+0x56>
     678:	89 89       	ldd	r24, Y+17	; 0x11
     67a:	82 30       	cpi	r24, 0x02	; 2
     67c:	28 f0       	brcs	.+10     	; 0x688 <__gtsf2+0x56>
     67e:	c7 01       	movw	r24, r14
     680:	b8 01       	movw	r22, r16
     682:	0e 94 4a 05 	call	0xa94	; 0xa94 <__fpcmp_parts_f>
     686:	01 c0       	rjmp	.+2      	; 0x68a <__gtsf2+0x58>
     688:	8f ef       	ldi	r24, 0xFF	; 255
     68a:	68 96       	adiw	r28, 0x18	; 24
     68c:	e6 e0       	ldi	r30, 0x06	; 6
     68e:	0c 94 76 16 	jmp	0x2cec	; 0x2cec <__epilogue_restores__+0x18>

00000692 <__gesf2>:
     692:	a8 e1       	ldi	r26, 0x18	; 24
     694:	b0 e0       	ldi	r27, 0x00	; 0
     696:	ef e4       	ldi	r30, 0x4F	; 79
     698:	f3 e0       	ldi	r31, 0x03	; 3
     69a:	0c 94 5a 16 	jmp	0x2cb4	; 0x2cb4 <__prologue_saves__+0x18>
     69e:	69 83       	std	Y+1, r22	; 0x01
     6a0:	7a 83       	std	Y+2, r23	; 0x02
     6a2:	8b 83       	std	Y+3, r24	; 0x03
     6a4:	9c 83       	std	Y+4, r25	; 0x04
     6a6:	2d 83       	std	Y+5, r18	; 0x05
     6a8:	3e 83       	std	Y+6, r19	; 0x06
     6aa:	4f 83       	std	Y+7, r20	; 0x07
     6ac:	58 87       	std	Y+8, r21	; 0x08
     6ae:	89 e0       	ldi	r24, 0x09	; 9
     6b0:	e8 2e       	mov	r14, r24
     6b2:	f1 2c       	mov	r15, r1
     6b4:	ec 0e       	add	r14, r28
     6b6:	fd 1e       	adc	r15, r29
     6b8:	ce 01       	movw	r24, r28
     6ba:	01 96       	adiw	r24, 0x01	; 1
     6bc:	b7 01       	movw	r22, r14
     6be:	0e 94 d2 04 	call	0x9a4	; 0x9a4 <__unpack_f>
     6c2:	8e 01       	movw	r16, r28
     6c4:	0f 5e       	subi	r16, 0xEF	; 239
     6c6:	1f 4f       	sbci	r17, 0xFF	; 255
     6c8:	ce 01       	movw	r24, r28
     6ca:	05 96       	adiw	r24, 0x05	; 5
     6cc:	b8 01       	movw	r22, r16
     6ce:	0e 94 d2 04 	call	0x9a4	; 0x9a4 <__unpack_f>
     6d2:	89 85       	ldd	r24, Y+9	; 0x09
     6d4:	82 30       	cpi	r24, 0x02	; 2
     6d6:	40 f0       	brcs	.+16     	; 0x6e8 <__gesf2+0x56>
     6d8:	89 89       	ldd	r24, Y+17	; 0x11
     6da:	82 30       	cpi	r24, 0x02	; 2
     6dc:	28 f0       	brcs	.+10     	; 0x6e8 <__gesf2+0x56>
     6de:	c7 01       	movw	r24, r14
     6e0:	b8 01       	movw	r22, r16
     6e2:	0e 94 4a 05 	call	0xa94	; 0xa94 <__fpcmp_parts_f>
     6e6:	01 c0       	rjmp	.+2      	; 0x6ea <__gesf2+0x58>
     6e8:	8f ef       	ldi	r24, 0xFF	; 255
     6ea:	68 96       	adiw	r28, 0x18	; 24
     6ec:	e6 e0       	ldi	r30, 0x06	; 6
     6ee:	0c 94 76 16 	jmp	0x2cec	; 0x2cec <__epilogue_restores__+0x18>

000006f2 <__ltsf2>:
     6f2:	a8 e1       	ldi	r26, 0x18	; 24
     6f4:	b0 e0       	ldi	r27, 0x00	; 0
     6f6:	ef e7       	ldi	r30, 0x7F	; 127
     6f8:	f3 e0       	ldi	r31, 0x03	; 3
     6fa:	0c 94 5a 16 	jmp	0x2cb4	; 0x2cb4 <__prologue_saves__+0x18>
     6fe:	69 83       	std	Y+1, r22	; 0x01
     700:	7a 83       	std	Y+2, r23	; 0x02
     702:	8b 83       	std	Y+3, r24	; 0x03
     704:	9c 83       	std	Y+4, r25	; 0x04
     706:	2d 83       	std	Y+5, r18	; 0x05
     708:	3e 83       	std	Y+6, r19	; 0x06
     70a:	4f 83       	std	Y+7, r20	; 0x07
     70c:	58 87       	std	Y+8, r21	; 0x08
     70e:	89 e0       	ldi	r24, 0x09	; 9
     710:	e8 2e       	mov	r14, r24
     712:	f1 2c       	mov	r15, r1
     714:	ec 0e       	add	r14, r28
     716:	fd 1e       	adc	r15, r29
     718:	ce 01       	movw	r24, r28
     71a:	01 96       	adiw	r24, 0x01	; 1
     71c:	b7 01       	movw	r22, r14
     71e:	0e 94 d2 04 	call	0x9a4	; 0x9a4 <__unpack_f>
     722:	8e 01       	movw	r16, r28
     724:	0f 5e       	subi	r16, 0xEF	; 239
     726:	1f 4f       	sbci	r17, 0xFF	; 255
     728:	ce 01       	movw	r24, r28
     72a:	05 96       	adiw	r24, 0x05	; 5
     72c:	b8 01       	movw	r22, r16
     72e:	0e 94 d2 04 	call	0x9a4	; 0x9a4 <__unpack_f>
     732:	89 85       	ldd	r24, Y+9	; 0x09
     734:	82 30       	cpi	r24, 0x02	; 2
     736:	40 f0       	brcs	.+16     	; 0x748 <__ltsf2+0x56>
     738:	89 89       	ldd	r24, Y+17	; 0x11
     73a:	82 30       	cpi	r24, 0x02	; 2
     73c:	28 f0       	brcs	.+10     	; 0x748 <__ltsf2+0x56>
     73e:	c7 01       	movw	r24, r14
     740:	b8 01       	movw	r22, r16
     742:	0e 94 4a 05 	call	0xa94	; 0xa94 <__fpcmp_parts_f>
     746:	01 c0       	rjmp	.+2      	; 0x74a <__ltsf2+0x58>
     748:	81 e0       	ldi	r24, 0x01	; 1
     74a:	68 96       	adiw	r28, 0x18	; 24
     74c:	e6 e0       	ldi	r30, 0x06	; 6
     74e:	0c 94 76 16 	jmp	0x2cec	; 0x2cec <__epilogue_restores__+0x18>

00000752 <__fixsfsi>:
     752:	ac e0       	ldi	r26, 0x0C	; 12
     754:	b0 e0       	ldi	r27, 0x00	; 0
     756:	ef ea       	ldi	r30, 0xAF	; 175
     758:	f3 e0       	ldi	r31, 0x03	; 3
     75a:	0c 94 5e 16 	jmp	0x2cbc	; 0x2cbc <__prologue_saves__+0x20>
     75e:	69 83       	std	Y+1, r22	; 0x01
     760:	7a 83       	std	Y+2, r23	; 0x02
     762:	8b 83       	std	Y+3, r24	; 0x03
     764:	9c 83       	std	Y+4, r25	; 0x04
     766:	ce 01       	movw	r24, r28
     768:	01 96       	adiw	r24, 0x01	; 1
     76a:	be 01       	movw	r22, r28
     76c:	6b 5f       	subi	r22, 0xFB	; 251
     76e:	7f 4f       	sbci	r23, 0xFF	; 255
     770:	0e 94 d2 04 	call	0x9a4	; 0x9a4 <__unpack_f>
     774:	8d 81       	ldd	r24, Y+5	; 0x05
     776:	82 30       	cpi	r24, 0x02	; 2
     778:	61 f1       	breq	.+88     	; 0x7d2 <__fixsfsi+0x80>
     77a:	82 30       	cpi	r24, 0x02	; 2
     77c:	50 f1       	brcs	.+84     	; 0x7d2 <__fixsfsi+0x80>
     77e:	84 30       	cpi	r24, 0x04	; 4
     780:	21 f4       	brne	.+8      	; 0x78a <__fixsfsi+0x38>
     782:	8e 81       	ldd	r24, Y+6	; 0x06
     784:	88 23       	and	r24, r24
     786:	51 f1       	breq	.+84     	; 0x7dc <__fixsfsi+0x8a>
     788:	2e c0       	rjmp	.+92     	; 0x7e6 <__fixsfsi+0x94>
     78a:	2f 81       	ldd	r18, Y+7	; 0x07
     78c:	38 85       	ldd	r19, Y+8	; 0x08
     78e:	37 fd       	sbrc	r19, 7
     790:	20 c0       	rjmp	.+64     	; 0x7d2 <__fixsfsi+0x80>
     792:	6e 81       	ldd	r22, Y+6	; 0x06
     794:	2f 31       	cpi	r18, 0x1F	; 31
     796:	31 05       	cpc	r19, r1
     798:	1c f0       	brlt	.+6      	; 0x7a0 <__fixsfsi+0x4e>
     79a:	66 23       	and	r22, r22
     79c:	f9 f0       	breq	.+62     	; 0x7dc <__fixsfsi+0x8a>
     79e:	23 c0       	rjmp	.+70     	; 0x7e6 <__fixsfsi+0x94>
     7a0:	8e e1       	ldi	r24, 0x1E	; 30
     7a2:	90 e0       	ldi	r25, 0x00	; 0
     7a4:	82 1b       	sub	r24, r18
     7a6:	93 0b       	sbc	r25, r19
     7a8:	29 85       	ldd	r18, Y+9	; 0x09
     7aa:	3a 85       	ldd	r19, Y+10	; 0x0a
     7ac:	4b 85       	ldd	r20, Y+11	; 0x0b
     7ae:	5c 85       	ldd	r21, Y+12	; 0x0c
     7b0:	04 c0       	rjmp	.+8      	; 0x7ba <__fixsfsi+0x68>
     7b2:	56 95       	lsr	r21
     7b4:	47 95       	ror	r20
     7b6:	37 95       	ror	r19
     7b8:	27 95       	ror	r18
     7ba:	8a 95       	dec	r24
     7bc:	d2 f7       	brpl	.-12     	; 0x7b2 <__fixsfsi+0x60>
     7be:	66 23       	and	r22, r22
     7c0:	b1 f0       	breq	.+44     	; 0x7ee <__fixsfsi+0x9c>
     7c2:	50 95       	com	r21
     7c4:	40 95       	com	r20
     7c6:	30 95       	com	r19
     7c8:	21 95       	neg	r18
     7ca:	3f 4f       	sbci	r19, 0xFF	; 255
     7cc:	4f 4f       	sbci	r20, 0xFF	; 255
     7ce:	5f 4f       	sbci	r21, 0xFF	; 255
     7d0:	0e c0       	rjmp	.+28     	; 0x7ee <__fixsfsi+0x9c>
     7d2:	20 e0       	ldi	r18, 0x00	; 0
     7d4:	30 e0       	ldi	r19, 0x00	; 0
     7d6:	40 e0       	ldi	r20, 0x00	; 0
     7d8:	50 e0       	ldi	r21, 0x00	; 0
     7da:	09 c0       	rjmp	.+18     	; 0x7ee <__fixsfsi+0x9c>
     7dc:	2f ef       	ldi	r18, 0xFF	; 255
     7de:	3f ef       	ldi	r19, 0xFF	; 255
     7e0:	4f ef       	ldi	r20, 0xFF	; 255
     7e2:	5f e7       	ldi	r21, 0x7F	; 127
     7e4:	04 c0       	rjmp	.+8      	; 0x7ee <__fixsfsi+0x9c>
     7e6:	20 e0       	ldi	r18, 0x00	; 0
     7e8:	30 e0       	ldi	r19, 0x00	; 0
     7ea:	40 e0       	ldi	r20, 0x00	; 0
     7ec:	50 e8       	ldi	r21, 0x80	; 128
     7ee:	b9 01       	movw	r22, r18
     7f0:	ca 01       	movw	r24, r20
     7f2:	2c 96       	adiw	r28, 0x0c	; 12
     7f4:	e2 e0       	ldi	r30, 0x02	; 2
     7f6:	0c 94 7a 16 	jmp	0x2cf4	; 0x2cf4 <__epilogue_restores__+0x20>

000007fa <__pack_f>:
     7fa:	df 92       	push	r13
     7fc:	ef 92       	push	r14
     7fe:	ff 92       	push	r15
     800:	0f 93       	push	r16
     802:	1f 93       	push	r17
     804:	fc 01       	movw	r30, r24
     806:	e4 80       	ldd	r14, Z+4	; 0x04
     808:	f5 80       	ldd	r15, Z+5	; 0x05
     80a:	06 81       	ldd	r16, Z+6	; 0x06
     80c:	17 81       	ldd	r17, Z+7	; 0x07
     80e:	d1 80       	ldd	r13, Z+1	; 0x01
     810:	80 81       	ld	r24, Z
     812:	82 30       	cpi	r24, 0x02	; 2
     814:	48 f4       	brcc	.+18     	; 0x828 <__pack_f+0x2e>
     816:	80 e0       	ldi	r24, 0x00	; 0
     818:	90 e0       	ldi	r25, 0x00	; 0
     81a:	a0 e1       	ldi	r26, 0x10	; 16
     81c:	b0 e0       	ldi	r27, 0x00	; 0
     81e:	e8 2a       	or	r14, r24
     820:	f9 2a       	or	r15, r25
     822:	0a 2b       	or	r16, r26
     824:	1b 2b       	or	r17, r27
     826:	a5 c0       	rjmp	.+330    	; 0x972 <__stack+0x113>
     828:	84 30       	cpi	r24, 0x04	; 4
     82a:	09 f4       	brne	.+2      	; 0x82e <__pack_f+0x34>
     82c:	9f c0       	rjmp	.+318    	; 0x96c <__stack+0x10d>
     82e:	82 30       	cpi	r24, 0x02	; 2
     830:	21 f4       	brne	.+8      	; 0x83a <__pack_f+0x40>
     832:	ee 24       	eor	r14, r14
     834:	ff 24       	eor	r15, r15
     836:	87 01       	movw	r16, r14
     838:	05 c0       	rjmp	.+10     	; 0x844 <__pack_f+0x4a>
     83a:	e1 14       	cp	r14, r1
     83c:	f1 04       	cpc	r15, r1
     83e:	01 05       	cpc	r16, r1
     840:	11 05       	cpc	r17, r1
     842:	19 f4       	brne	.+6      	; 0x84a <__pack_f+0x50>
     844:	e0 e0       	ldi	r30, 0x00	; 0
     846:	f0 e0       	ldi	r31, 0x00	; 0
     848:	96 c0       	rjmp	.+300    	; 0x976 <__stack+0x117>
     84a:	62 81       	ldd	r22, Z+2	; 0x02
     84c:	73 81       	ldd	r23, Z+3	; 0x03
     84e:	9f ef       	ldi	r25, 0xFF	; 255
     850:	62 38       	cpi	r22, 0x82	; 130
     852:	79 07       	cpc	r23, r25
     854:	0c f0       	brlt	.+2      	; 0x858 <__pack_f+0x5e>
     856:	5b c0       	rjmp	.+182    	; 0x90e <__stack+0xaf>
     858:	22 e8       	ldi	r18, 0x82	; 130
     85a:	3f ef       	ldi	r19, 0xFF	; 255
     85c:	26 1b       	sub	r18, r22
     85e:	37 0b       	sbc	r19, r23
     860:	2a 31       	cpi	r18, 0x1A	; 26
     862:	31 05       	cpc	r19, r1
     864:	2c f0       	brlt	.+10     	; 0x870 <__stack+0x11>
     866:	20 e0       	ldi	r18, 0x00	; 0
     868:	30 e0       	ldi	r19, 0x00	; 0
     86a:	40 e0       	ldi	r20, 0x00	; 0
     86c:	50 e0       	ldi	r21, 0x00	; 0
     86e:	2a c0       	rjmp	.+84     	; 0x8c4 <__stack+0x65>
     870:	b8 01       	movw	r22, r16
     872:	a7 01       	movw	r20, r14
     874:	02 2e       	mov	r0, r18
     876:	04 c0       	rjmp	.+8      	; 0x880 <__stack+0x21>
     878:	76 95       	lsr	r23
     87a:	67 95       	ror	r22
     87c:	57 95       	ror	r21
     87e:	47 95       	ror	r20
     880:	0a 94       	dec	r0
     882:	d2 f7       	brpl	.-12     	; 0x878 <__stack+0x19>
     884:	81 e0       	ldi	r24, 0x01	; 1
     886:	90 e0       	ldi	r25, 0x00	; 0
     888:	a0 e0       	ldi	r26, 0x00	; 0
     88a:	b0 e0       	ldi	r27, 0x00	; 0
     88c:	04 c0       	rjmp	.+8      	; 0x896 <__stack+0x37>
     88e:	88 0f       	add	r24, r24
     890:	99 1f       	adc	r25, r25
     892:	aa 1f       	adc	r26, r26
     894:	bb 1f       	adc	r27, r27
     896:	2a 95       	dec	r18
     898:	d2 f7       	brpl	.-12     	; 0x88e <__stack+0x2f>
     89a:	01 97       	sbiw	r24, 0x01	; 1
     89c:	a1 09       	sbc	r26, r1
     89e:	b1 09       	sbc	r27, r1
     8a0:	8e 21       	and	r24, r14
     8a2:	9f 21       	and	r25, r15
     8a4:	a0 23       	and	r26, r16
     8a6:	b1 23       	and	r27, r17
     8a8:	00 97       	sbiw	r24, 0x00	; 0
     8aa:	a1 05       	cpc	r26, r1
     8ac:	b1 05       	cpc	r27, r1
     8ae:	21 f0       	breq	.+8      	; 0x8b8 <__stack+0x59>
     8b0:	81 e0       	ldi	r24, 0x01	; 1
     8b2:	90 e0       	ldi	r25, 0x00	; 0
     8b4:	a0 e0       	ldi	r26, 0x00	; 0
     8b6:	b0 e0       	ldi	r27, 0x00	; 0
     8b8:	9a 01       	movw	r18, r20
     8ba:	ab 01       	movw	r20, r22
     8bc:	28 2b       	or	r18, r24
     8be:	39 2b       	or	r19, r25
     8c0:	4a 2b       	or	r20, r26
     8c2:	5b 2b       	or	r21, r27
     8c4:	da 01       	movw	r26, r20
     8c6:	c9 01       	movw	r24, r18
     8c8:	8f 77       	andi	r24, 0x7F	; 127
     8ca:	90 70       	andi	r25, 0x00	; 0
     8cc:	a0 70       	andi	r26, 0x00	; 0
     8ce:	b0 70       	andi	r27, 0x00	; 0
     8d0:	80 34       	cpi	r24, 0x40	; 64
     8d2:	91 05       	cpc	r25, r1
     8d4:	a1 05       	cpc	r26, r1
     8d6:	b1 05       	cpc	r27, r1
     8d8:	39 f4       	brne	.+14     	; 0x8e8 <__stack+0x89>
     8da:	27 ff       	sbrs	r18, 7
     8dc:	09 c0       	rjmp	.+18     	; 0x8f0 <__stack+0x91>
     8de:	20 5c       	subi	r18, 0xC0	; 192
     8e0:	3f 4f       	sbci	r19, 0xFF	; 255
     8e2:	4f 4f       	sbci	r20, 0xFF	; 255
     8e4:	5f 4f       	sbci	r21, 0xFF	; 255
     8e6:	04 c0       	rjmp	.+8      	; 0x8f0 <__stack+0x91>
     8e8:	21 5c       	subi	r18, 0xC1	; 193
     8ea:	3f 4f       	sbci	r19, 0xFF	; 255
     8ec:	4f 4f       	sbci	r20, 0xFF	; 255
     8ee:	5f 4f       	sbci	r21, 0xFF	; 255
     8f0:	e0 e0       	ldi	r30, 0x00	; 0
     8f2:	f0 e0       	ldi	r31, 0x00	; 0
     8f4:	20 30       	cpi	r18, 0x00	; 0
     8f6:	a0 e0       	ldi	r26, 0x00	; 0
     8f8:	3a 07       	cpc	r19, r26
     8fa:	a0 e0       	ldi	r26, 0x00	; 0
     8fc:	4a 07       	cpc	r20, r26
     8fe:	a0 e4       	ldi	r26, 0x40	; 64
     900:	5a 07       	cpc	r21, r26
     902:	10 f0       	brcs	.+4      	; 0x908 <__stack+0xa9>
     904:	e1 e0       	ldi	r30, 0x01	; 1
     906:	f0 e0       	ldi	r31, 0x00	; 0
     908:	79 01       	movw	r14, r18
     90a:	8a 01       	movw	r16, r20
     90c:	27 c0       	rjmp	.+78     	; 0x95c <__stack+0xfd>
     90e:	60 38       	cpi	r22, 0x80	; 128
     910:	71 05       	cpc	r23, r1
     912:	64 f5       	brge	.+88     	; 0x96c <__stack+0x10d>
     914:	fb 01       	movw	r30, r22
     916:	e1 58       	subi	r30, 0x81	; 129
     918:	ff 4f       	sbci	r31, 0xFF	; 255
     91a:	d8 01       	movw	r26, r16
     91c:	c7 01       	movw	r24, r14
     91e:	8f 77       	andi	r24, 0x7F	; 127
     920:	90 70       	andi	r25, 0x00	; 0
     922:	a0 70       	andi	r26, 0x00	; 0
     924:	b0 70       	andi	r27, 0x00	; 0
     926:	80 34       	cpi	r24, 0x40	; 64
     928:	91 05       	cpc	r25, r1
     92a:	a1 05       	cpc	r26, r1
     92c:	b1 05       	cpc	r27, r1
     92e:	39 f4       	brne	.+14     	; 0x93e <__stack+0xdf>
     930:	e7 fe       	sbrs	r14, 7
     932:	0d c0       	rjmp	.+26     	; 0x94e <__stack+0xef>
     934:	80 e4       	ldi	r24, 0x40	; 64
     936:	90 e0       	ldi	r25, 0x00	; 0
     938:	a0 e0       	ldi	r26, 0x00	; 0
     93a:	b0 e0       	ldi	r27, 0x00	; 0
     93c:	04 c0       	rjmp	.+8      	; 0x946 <__stack+0xe7>
     93e:	8f e3       	ldi	r24, 0x3F	; 63
     940:	90 e0       	ldi	r25, 0x00	; 0
     942:	a0 e0       	ldi	r26, 0x00	; 0
     944:	b0 e0       	ldi	r27, 0x00	; 0
     946:	e8 0e       	add	r14, r24
     948:	f9 1e       	adc	r15, r25
     94a:	0a 1f       	adc	r16, r26
     94c:	1b 1f       	adc	r17, r27
     94e:	17 ff       	sbrs	r17, 7
     950:	05 c0       	rjmp	.+10     	; 0x95c <__stack+0xfd>
     952:	16 95       	lsr	r17
     954:	07 95       	ror	r16
     956:	f7 94       	ror	r15
     958:	e7 94       	ror	r14
     95a:	31 96       	adiw	r30, 0x01	; 1
     95c:	87 e0       	ldi	r24, 0x07	; 7
     95e:	16 95       	lsr	r17
     960:	07 95       	ror	r16
     962:	f7 94       	ror	r15
     964:	e7 94       	ror	r14
     966:	8a 95       	dec	r24
     968:	d1 f7       	brne	.-12     	; 0x95e <__stack+0xff>
     96a:	05 c0       	rjmp	.+10     	; 0x976 <__stack+0x117>
     96c:	ee 24       	eor	r14, r14
     96e:	ff 24       	eor	r15, r15
     970:	87 01       	movw	r16, r14
     972:	ef ef       	ldi	r30, 0xFF	; 255
     974:	f0 e0       	ldi	r31, 0x00	; 0
     976:	6e 2f       	mov	r22, r30
     978:	67 95       	ror	r22
     97a:	66 27       	eor	r22, r22
     97c:	67 95       	ror	r22
     97e:	90 2f       	mov	r25, r16
     980:	9f 77       	andi	r25, 0x7F	; 127
     982:	d7 94       	ror	r13
     984:	dd 24       	eor	r13, r13
     986:	d7 94       	ror	r13
     988:	8e 2f       	mov	r24, r30
     98a:	86 95       	lsr	r24
     98c:	49 2f       	mov	r20, r25
     98e:	46 2b       	or	r20, r22
     990:	58 2f       	mov	r21, r24
     992:	5d 29       	or	r21, r13
     994:	b7 01       	movw	r22, r14
     996:	ca 01       	movw	r24, r20
     998:	1f 91       	pop	r17
     99a:	0f 91       	pop	r16
     99c:	ff 90       	pop	r15
     99e:	ef 90       	pop	r14
     9a0:	df 90       	pop	r13
     9a2:	08 95       	ret

000009a4 <__unpack_f>:
     9a4:	fc 01       	movw	r30, r24
     9a6:	db 01       	movw	r26, r22
     9a8:	40 81       	ld	r20, Z
     9aa:	51 81       	ldd	r21, Z+1	; 0x01
     9ac:	22 81       	ldd	r18, Z+2	; 0x02
     9ae:	62 2f       	mov	r22, r18
     9b0:	6f 77       	andi	r22, 0x7F	; 127
     9b2:	70 e0       	ldi	r23, 0x00	; 0
     9b4:	22 1f       	adc	r18, r18
     9b6:	22 27       	eor	r18, r18
     9b8:	22 1f       	adc	r18, r18
     9ba:	93 81       	ldd	r25, Z+3	; 0x03
     9bc:	89 2f       	mov	r24, r25
     9be:	88 0f       	add	r24, r24
     9c0:	82 2b       	or	r24, r18
     9c2:	28 2f       	mov	r18, r24
     9c4:	30 e0       	ldi	r19, 0x00	; 0
     9c6:	99 1f       	adc	r25, r25
     9c8:	99 27       	eor	r25, r25
     9ca:	99 1f       	adc	r25, r25
     9cc:	11 96       	adiw	r26, 0x01	; 1
     9ce:	9c 93       	st	X, r25
     9d0:	11 97       	sbiw	r26, 0x01	; 1
     9d2:	21 15       	cp	r18, r1
     9d4:	31 05       	cpc	r19, r1
     9d6:	a9 f5       	brne	.+106    	; 0xa42 <__unpack_f+0x9e>
     9d8:	41 15       	cp	r20, r1
     9da:	51 05       	cpc	r21, r1
     9dc:	61 05       	cpc	r22, r1
     9de:	71 05       	cpc	r23, r1
     9e0:	11 f4       	brne	.+4      	; 0x9e6 <__unpack_f+0x42>
     9e2:	82 e0       	ldi	r24, 0x02	; 2
     9e4:	37 c0       	rjmp	.+110    	; 0xa54 <__unpack_f+0xb0>
     9e6:	82 e8       	ldi	r24, 0x82	; 130
     9e8:	9f ef       	ldi	r25, 0xFF	; 255
     9ea:	13 96       	adiw	r26, 0x03	; 3
     9ec:	9c 93       	st	X, r25
     9ee:	8e 93       	st	-X, r24
     9f0:	12 97       	sbiw	r26, 0x02	; 2
     9f2:	9a 01       	movw	r18, r20
     9f4:	ab 01       	movw	r20, r22
     9f6:	67 e0       	ldi	r22, 0x07	; 7
     9f8:	22 0f       	add	r18, r18
     9fa:	33 1f       	adc	r19, r19
     9fc:	44 1f       	adc	r20, r20
     9fe:	55 1f       	adc	r21, r21
     a00:	6a 95       	dec	r22
     a02:	d1 f7       	brne	.-12     	; 0x9f8 <__unpack_f+0x54>
     a04:	83 e0       	ldi	r24, 0x03	; 3
     a06:	8c 93       	st	X, r24
     a08:	0d c0       	rjmp	.+26     	; 0xa24 <__unpack_f+0x80>
     a0a:	22 0f       	add	r18, r18
     a0c:	33 1f       	adc	r19, r19
     a0e:	44 1f       	adc	r20, r20
     a10:	55 1f       	adc	r21, r21
     a12:	12 96       	adiw	r26, 0x02	; 2
     a14:	8d 91       	ld	r24, X+
     a16:	9c 91       	ld	r25, X
     a18:	13 97       	sbiw	r26, 0x03	; 3
     a1a:	01 97       	sbiw	r24, 0x01	; 1
     a1c:	13 96       	adiw	r26, 0x03	; 3
     a1e:	9c 93       	st	X, r25
     a20:	8e 93       	st	-X, r24
     a22:	12 97       	sbiw	r26, 0x02	; 2
     a24:	20 30       	cpi	r18, 0x00	; 0
     a26:	80 e0       	ldi	r24, 0x00	; 0
     a28:	38 07       	cpc	r19, r24
     a2a:	80 e0       	ldi	r24, 0x00	; 0
     a2c:	48 07       	cpc	r20, r24
     a2e:	80 e4       	ldi	r24, 0x40	; 64
     a30:	58 07       	cpc	r21, r24
     a32:	58 f3       	brcs	.-42     	; 0xa0a <__unpack_f+0x66>
     a34:	14 96       	adiw	r26, 0x04	; 4
     a36:	2d 93       	st	X+, r18
     a38:	3d 93       	st	X+, r19
     a3a:	4d 93       	st	X+, r20
     a3c:	5c 93       	st	X, r21
     a3e:	17 97       	sbiw	r26, 0x07	; 7
     a40:	08 95       	ret
     a42:	2f 3f       	cpi	r18, 0xFF	; 255
     a44:	31 05       	cpc	r19, r1
     a46:	79 f4       	brne	.+30     	; 0xa66 <__unpack_f+0xc2>
     a48:	41 15       	cp	r20, r1
     a4a:	51 05       	cpc	r21, r1
     a4c:	61 05       	cpc	r22, r1
     a4e:	71 05       	cpc	r23, r1
     a50:	19 f4       	brne	.+6      	; 0xa58 <__unpack_f+0xb4>
     a52:	84 e0       	ldi	r24, 0x04	; 4
     a54:	8c 93       	st	X, r24
     a56:	08 95       	ret
     a58:	64 ff       	sbrs	r22, 4
     a5a:	03 c0       	rjmp	.+6      	; 0xa62 <__unpack_f+0xbe>
     a5c:	81 e0       	ldi	r24, 0x01	; 1
     a5e:	8c 93       	st	X, r24
     a60:	12 c0       	rjmp	.+36     	; 0xa86 <__unpack_f+0xe2>
     a62:	1c 92       	st	X, r1
     a64:	10 c0       	rjmp	.+32     	; 0xa86 <__unpack_f+0xe2>
     a66:	2f 57       	subi	r18, 0x7F	; 127
     a68:	30 40       	sbci	r19, 0x00	; 0
     a6a:	13 96       	adiw	r26, 0x03	; 3
     a6c:	3c 93       	st	X, r19
     a6e:	2e 93       	st	-X, r18
     a70:	12 97       	sbiw	r26, 0x02	; 2
     a72:	83 e0       	ldi	r24, 0x03	; 3
     a74:	8c 93       	st	X, r24
     a76:	87 e0       	ldi	r24, 0x07	; 7
     a78:	44 0f       	add	r20, r20
     a7a:	55 1f       	adc	r21, r21
     a7c:	66 1f       	adc	r22, r22
     a7e:	77 1f       	adc	r23, r23
     a80:	8a 95       	dec	r24
     a82:	d1 f7       	brne	.-12     	; 0xa78 <__unpack_f+0xd4>
     a84:	70 64       	ori	r23, 0x40	; 64
     a86:	14 96       	adiw	r26, 0x04	; 4
     a88:	4d 93       	st	X+, r20
     a8a:	5d 93       	st	X+, r21
     a8c:	6d 93       	st	X+, r22
     a8e:	7c 93       	st	X, r23
     a90:	17 97       	sbiw	r26, 0x07	; 7
     a92:	08 95       	ret

00000a94 <__fpcmp_parts_f>:
     a94:	1f 93       	push	r17
     a96:	dc 01       	movw	r26, r24
     a98:	fb 01       	movw	r30, r22
     a9a:	9c 91       	ld	r25, X
     a9c:	92 30       	cpi	r25, 0x02	; 2
     a9e:	08 f4       	brcc	.+2      	; 0xaa2 <__fpcmp_parts_f+0xe>
     aa0:	47 c0       	rjmp	.+142    	; 0xb30 <__fpcmp_parts_f+0x9c>
     aa2:	80 81       	ld	r24, Z
     aa4:	82 30       	cpi	r24, 0x02	; 2
     aa6:	08 f4       	brcc	.+2      	; 0xaaa <__fpcmp_parts_f+0x16>
     aa8:	43 c0       	rjmp	.+134    	; 0xb30 <__fpcmp_parts_f+0x9c>
     aaa:	94 30       	cpi	r25, 0x04	; 4
     aac:	51 f4       	brne	.+20     	; 0xac2 <__fpcmp_parts_f+0x2e>
     aae:	11 96       	adiw	r26, 0x01	; 1
     ab0:	1c 91       	ld	r17, X
     ab2:	84 30       	cpi	r24, 0x04	; 4
     ab4:	99 f5       	brne	.+102    	; 0xb1c <__fpcmp_parts_f+0x88>
     ab6:	81 81       	ldd	r24, Z+1	; 0x01
     ab8:	68 2f       	mov	r22, r24
     aba:	70 e0       	ldi	r23, 0x00	; 0
     abc:	61 1b       	sub	r22, r17
     abe:	71 09       	sbc	r23, r1
     ac0:	3f c0       	rjmp	.+126    	; 0xb40 <__fpcmp_parts_f+0xac>
     ac2:	84 30       	cpi	r24, 0x04	; 4
     ac4:	21 f0       	breq	.+8      	; 0xace <__fpcmp_parts_f+0x3a>
     ac6:	92 30       	cpi	r25, 0x02	; 2
     ac8:	31 f4       	brne	.+12     	; 0xad6 <__fpcmp_parts_f+0x42>
     aca:	82 30       	cpi	r24, 0x02	; 2
     acc:	b9 f1       	breq	.+110    	; 0xb3c <__fpcmp_parts_f+0xa8>
     ace:	81 81       	ldd	r24, Z+1	; 0x01
     ad0:	88 23       	and	r24, r24
     ad2:	89 f1       	breq	.+98     	; 0xb36 <__fpcmp_parts_f+0xa2>
     ad4:	2d c0       	rjmp	.+90     	; 0xb30 <__fpcmp_parts_f+0x9c>
     ad6:	11 96       	adiw	r26, 0x01	; 1
     ad8:	1c 91       	ld	r17, X
     ada:	11 97       	sbiw	r26, 0x01	; 1
     adc:	82 30       	cpi	r24, 0x02	; 2
     ade:	f1 f0       	breq	.+60     	; 0xb1c <__fpcmp_parts_f+0x88>
     ae0:	81 81       	ldd	r24, Z+1	; 0x01
     ae2:	18 17       	cp	r17, r24
     ae4:	d9 f4       	brne	.+54     	; 0xb1c <__fpcmp_parts_f+0x88>
     ae6:	12 96       	adiw	r26, 0x02	; 2
     ae8:	2d 91       	ld	r18, X+
     aea:	3c 91       	ld	r19, X
     aec:	13 97       	sbiw	r26, 0x03	; 3
     aee:	82 81       	ldd	r24, Z+2	; 0x02
     af0:	93 81       	ldd	r25, Z+3	; 0x03
     af2:	82 17       	cp	r24, r18
     af4:	93 07       	cpc	r25, r19
     af6:	94 f0       	brlt	.+36     	; 0xb1c <__fpcmp_parts_f+0x88>
     af8:	28 17       	cp	r18, r24
     afa:	39 07       	cpc	r19, r25
     afc:	bc f0       	brlt	.+46     	; 0xb2c <__fpcmp_parts_f+0x98>
     afe:	14 96       	adiw	r26, 0x04	; 4
     b00:	8d 91       	ld	r24, X+
     b02:	9d 91       	ld	r25, X+
     b04:	0d 90       	ld	r0, X+
     b06:	bc 91       	ld	r27, X
     b08:	a0 2d       	mov	r26, r0
     b0a:	24 81       	ldd	r18, Z+4	; 0x04
     b0c:	35 81       	ldd	r19, Z+5	; 0x05
     b0e:	46 81       	ldd	r20, Z+6	; 0x06
     b10:	57 81       	ldd	r21, Z+7	; 0x07
     b12:	28 17       	cp	r18, r24
     b14:	39 07       	cpc	r19, r25
     b16:	4a 07       	cpc	r20, r26
     b18:	5b 07       	cpc	r21, r27
     b1a:	18 f4       	brcc	.+6      	; 0xb22 <__fpcmp_parts_f+0x8e>
     b1c:	11 23       	and	r17, r17
     b1e:	41 f0       	breq	.+16     	; 0xb30 <__fpcmp_parts_f+0x9c>
     b20:	0a c0       	rjmp	.+20     	; 0xb36 <__fpcmp_parts_f+0xa2>
     b22:	82 17       	cp	r24, r18
     b24:	93 07       	cpc	r25, r19
     b26:	a4 07       	cpc	r26, r20
     b28:	b5 07       	cpc	r27, r21
     b2a:	40 f4       	brcc	.+16     	; 0xb3c <__fpcmp_parts_f+0xa8>
     b2c:	11 23       	and	r17, r17
     b2e:	19 f0       	breq	.+6      	; 0xb36 <__fpcmp_parts_f+0xa2>
     b30:	61 e0       	ldi	r22, 0x01	; 1
     b32:	70 e0       	ldi	r23, 0x00	; 0
     b34:	05 c0       	rjmp	.+10     	; 0xb40 <__fpcmp_parts_f+0xac>
     b36:	6f ef       	ldi	r22, 0xFF	; 255
     b38:	7f ef       	ldi	r23, 0xFF	; 255
     b3a:	02 c0       	rjmp	.+4      	; 0xb40 <__fpcmp_parts_f+0xac>
     b3c:	60 e0       	ldi	r22, 0x00	; 0
     b3e:	70 e0       	ldi	r23, 0x00	; 0
     b40:	cb 01       	movw	r24, r22
     b42:	1f 91       	pop	r17
     b44:	08 95       	ret

00000b46 <IO_Ports_configuration>:
char min_units = 0, min_tens = 0;
char hr_units = 0, hr_tens = 0;

unsigned char operation;

void IO_Ports_configuration(void) {
     b46:	df 93       	push	r29
     b48:	cf 93       	push	r28
     b4a:	00 d0       	rcall	.+0      	; 0xb4c <IO_Ports_configuration+0x6>
     b4c:	cd b7       	in	r28, 0x3d	; 61
     b4e:	de b7       	in	r29, 0x3e	; 62
    DDRA |= 0x3F;  // Configure the first 6-pins in PORTA as output pins for six 7-segment
     b50:	aa e3       	ldi	r26, 0x3A	; 58
     b52:	b0 e0       	ldi	r27, 0x00	; 0
     b54:	ea e3       	ldi	r30, 0x3A	; 58
     b56:	f0 e0       	ldi	r31, 0x00	; 0
     b58:	80 81       	ld	r24, Z
     b5a:	8f 63       	ori	r24, 0x3F	; 63
     b5c:	8c 93       	st	X, r24
    DDRB &= 0x00;  // Configure PORTB as input port
     b5e:	e7 e3       	ldi	r30, 0x37	; 55
     b60:	f0 e0       	ldi	r31, 0x00	; 0
     b62:	80 81       	ld	r24, Z
     b64:	e7 e3       	ldi	r30, 0x37	; 55
     b66:	f0 e0       	ldi	r31, 0x00	; 0
     b68:	10 82       	st	Z, r1
    PORTB |= 0xFF; // Activate internal pull-up resistors
     b6a:	e8 e3       	ldi	r30, 0x38	; 56
     b6c:	f0 e0       	ldi	r31, 0x00	; 0
     b6e:	80 81       	ld	r24, Z
     b70:	e8 e3       	ldi	r30, 0x38	; 56
     b72:	f0 e0       	ldi	r31, 0x00	; 0
     b74:	8f ef       	ldi	r24, 0xFF	; 255
     b76:	80 83       	st	Z, r24

    DDRC |= 0x0F;  // Configure the first 4-pins in PORTC as output pins
     b78:	a4 e3       	ldi	r26, 0x34	; 52
     b7a:	b0 e0       	ldi	r27, 0x00	; 0
     b7c:	e4 e3       	ldi	r30, 0x34	; 52
     b7e:	f0 e0       	ldi	r31, 0x00	; 0
     b80:	80 81       	ld	r24, Z
     b82:	8f 60       	ori	r24, 0x0F	; 15
     b84:	8c 93       	st	X, r24
    PORTC = (PORTC & 0xF0) | (0x00);  // Initialize 7-segment by zeros
     b86:	a5 e3       	ldi	r26, 0x35	; 53
     b88:	b0 e0       	ldi	r27, 0x00	; 0
     b8a:	e5 e3       	ldi	r30, 0x35	; 53
     b8c:	f0 e0       	ldi	r31, 0x00	; 0
     b8e:	80 81       	ld	r24, Z
     b90:	80 7f       	andi	r24, 0xF0	; 240
     b92:	8c 93       	st	X, r24

    DDRD |= (1 << 0);  // Output pin for buzzer
     b94:	a1 e3       	ldi	r26, 0x31	; 49
     b96:	b0 e0       	ldi	r27, 0x00	; 0
     b98:	e1 e3       	ldi	r30, 0x31	; 49
     b9a:	f0 e0       	ldi	r31, 0x00	; 0
     b9c:	80 81       	ld	r24, Z
     b9e:	81 60       	ori	r24, 0x01	; 1
     ba0:	8c 93       	st	X, r24
    DDRD |= (1 << 4) | (1 << 5);  // Output pins for LEDs
     ba2:	a1 e3       	ldi	r26, 0x31	; 49
     ba4:	b0 e0       	ldi	r27, 0x00	; 0
     ba6:	e1 e3       	ldi	r30, 0x31	; 49
     ba8:	f0 e0       	ldi	r31, 0x00	; 0
     baa:	80 81       	ld	r24, Z
     bac:	80 63       	ori	r24, 0x30	; 48
     bae:	8c 93       	st	X, r24
    PORTD |= (1 << 4);  // Turn on red LED initially
     bb0:	a2 e3       	ldi	r26, 0x32	; 50
     bb2:	b0 e0       	ldi	r27, 0x00	; 0
     bb4:	e2 e3       	ldi	r30, 0x32	; 50
     bb6:	f0 e0       	ldi	r31, 0x00	; 0
     bb8:	80 81       	ld	r24, Z
     bba:	80 61       	ori	r24, 0x10	; 16
     bbc:	8c 93       	st	X, r24
    PORTD &= ~(1 << 0) & ~(1 << 5);  // Turn buzzer and yellow LED off initially
     bbe:	a2 e3       	ldi	r26, 0x32	; 50
     bc0:	b0 e0       	ldi	r27, 0x00	; 0
     bc2:	e2 e3       	ldi	r30, 0x32	; 50
     bc4:	f0 e0       	ldi	r31, 0x00	; 0
     bc6:	80 81       	ld	r24, Z
     bc8:	8e 7d       	andi	r24, 0xDE	; 222
     bca:	8c 93       	st	X, r24

    DDRD &= ~(1 << 2) & ~(1 << 3);  // Configure input pins
     bcc:	a1 e3       	ldi	r26, 0x31	; 49
     bce:	b0 e0       	ldi	r27, 0x00	; 0
     bd0:	e1 e3       	ldi	r30, 0x31	; 49
     bd2:	f0 e0       	ldi	r31, 0x00	; 0
     bd4:	80 81       	ld	r24, Z
     bd6:	83 7f       	andi	r24, 0xF3	; 243
     bd8:	8c 93       	st	X, r24
    PORTD |= (1 << 2);  // Activate internal pull-up resistor
     bda:	a2 e3       	ldi	r26, 0x32	; 50
     bdc:	b0 e0       	ldi	r27, 0x00	; 0
     bde:	e2 e3       	ldi	r30, 0x32	; 50
     be0:	f0 e0       	ldi	r31, 0x00	; 0
     be2:	80 81       	ld	r24, Z
     be4:	84 60       	ori	r24, 0x04	; 4
     be6:	8c 93       	st	X, r24
}
     be8:	0f 90       	pop	r0
     bea:	0f 90       	pop	r0
     bec:	cf 91       	pop	r28
     bee:	df 91       	pop	r29
     bf0:	08 95       	ret

00000bf2 <Timer1_configuration>:

void Timer1_configuration(void) {
     bf2:	df 93       	push	r29
     bf4:	cf 93       	push	r28
     bf6:	cd b7       	in	r28, 0x3d	; 61
     bf8:	de b7       	in	r29, 0x3e	; 62
    TCCR1A = (1 << FOC1A);
     bfa:	ef e4       	ldi	r30, 0x4F	; 79
     bfc:	f0 e0       	ldi	r31, 0x00	; 0
     bfe:	88 e0       	ldi	r24, 0x08	; 8
     c00:	80 83       	st	Z, r24
    TCCR1B = (1 << WGM12) | (1 << CS12) | (1 << CS10);
     c02:	ee e4       	ldi	r30, 0x4E	; 78
     c04:	f0 e0       	ldi	r31, 0x00	; 0
     c06:	8d e0       	ldi	r24, 0x0D	; 13
     c08:	80 83       	st	Z, r24
    TCNT1 = 0;  // Initial value register
     c0a:	ec e4       	ldi	r30, 0x4C	; 76
     c0c:	f0 e0       	ldi	r31, 0x00	; 0
     c0e:	11 82       	std	Z+1, r1	; 0x01
     c10:	10 82       	st	Z, r1
    OCR1A = 15625;  // Compare value register
     c12:	ea e4       	ldi	r30, 0x4A	; 74
     c14:	f0 e0       	ldi	r31, 0x00	; 0
     c16:	89 e0       	ldi	r24, 0x09	; 9
     c18:	9d e3       	ldi	r25, 0x3D	; 61
     c1a:	91 83       	std	Z+1, r25	; 0x01
     c1c:	80 83       	st	Z, r24
    TIMSK |= (1 << OCIE1A);  // Output Compare A Match Interrupt Enable
     c1e:	a9 e5       	ldi	r26, 0x59	; 89
     c20:	b0 e0       	ldi	r27, 0x00	; 0
     c22:	e9 e5       	ldi	r30, 0x59	; 89
     c24:	f0 e0       	ldi	r31, 0x00	; 0
     c26:	80 81       	ld	r24, Z
     c28:	80 61       	ori	r24, 0x10	; 16
     c2a:	8c 93       	st	X, r24
    SREG |= (1 << 7);  // Global interrupt enable I-BIT
     c2c:	af e5       	ldi	r26, 0x5F	; 95
     c2e:	b0 e0       	ldi	r27, 0x00	; 0
     c30:	ef e5       	ldi	r30, 0x5F	; 95
     c32:	f0 e0       	ldi	r31, 0x00	; 0
     c34:	80 81       	ld	r24, Z
     c36:	80 68       	ori	r24, 0x80	; 128
     c38:	8c 93       	st	X, r24
}
     c3a:	cf 91       	pop	r28
     c3c:	df 91       	pop	r29
     c3e:	08 95       	ret

00000c40 <INT0_configuration>:

void INT0_configuration(void) {
     c40:	df 93       	push	r29
     c42:	cf 93       	push	r28
     c44:	cd b7       	in	r28, 0x3d	; 61
     c46:	de b7       	in	r29, 0x3e	; 62
    GICR |= (1 << INT0);  // Set module interrupt enable
     c48:	ab e5       	ldi	r26, 0x5B	; 91
     c4a:	b0 e0       	ldi	r27, 0x00	; 0
     c4c:	eb e5       	ldi	r30, 0x5B	; 91
     c4e:	f0 e0       	ldi	r31, 0x00	; 0
     c50:	80 81       	ld	r24, Z
     c52:	80 64       	ori	r24, 0x40	; 64
     c54:	8c 93       	st	X, r24
    MCUCR |= (1 << ISC01);  // Configure falling edge
     c56:	a5 e5       	ldi	r26, 0x55	; 85
     c58:	b0 e0       	ldi	r27, 0x00	; 0
     c5a:	e5 e5       	ldi	r30, 0x55	; 85
     c5c:	f0 e0       	ldi	r31, 0x00	; 0
     c5e:	80 81       	ld	r24, Z
     c60:	82 60       	ori	r24, 0x02	; 2
     c62:	8c 93       	st	X, r24
}
     c64:	cf 91       	pop	r28
     c66:	df 91       	pop	r29
     c68:	08 95       	ret

00000c6a <INT1_configuration>:

void INT1_configuration(void) {
     c6a:	df 93       	push	r29
     c6c:	cf 93       	push	r28
     c6e:	cd b7       	in	r28, 0x3d	; 61
     c70:	de b7       	in	r29, 0x3e	; 62
    GICR |= (1 << INT1);  // Set module interrupt enable
     c72:	ab e5       	ldi	r26, 0x5B	; 91
     c74:	b0 e0       	ldi	r27, 0x00	; 0
     c76:	eb e5       	ldi	r30, 0x5B	; 91
     c78:	f0 e0       	ldi	r31, 0x00	; 0
     c7a:	80 81       	ld	r24, Z
     c7c:	80 68       	ori	r24, 0x80	; 128
     c7e:	8c 93       	st	X, r24
    MCUCR |= (1 << ISC11) | (1 << ISC10);  // Configure raising edge
     c80:	a5 e5       	ldi	r26, 0x55	; 85
     c82:	b0 e0       	ldi	r27, 0x00	; 0
     c84:	e5 e5       	ldi	r30, 0x55	; 85
     c86:	f0 e0       	ldi	r31, 0x00	; 0
     c88:	80 81       	ld	r24, Z
     c8a:	8c 60       	ori	r24, 0x0C	; 12
     c8c:	8c 93       	st	X, r24
}
     c8e:	cf 91       	pop	r28
     c90:	df 91       	pop	r29
     c92:	08 95       	ret

00000c94 <INT2_configuration>:

void INT2_configuration(void) {
     c94:	df 93       	push	r29
     c96:	cf 93       	push	r28
     c98:	cd b7       	in	r28, 0x3d	; 61
     c9a:	de b7       	in	r29, 0x3e	; 62
    GICR |= (1 << INT2);  // Set module interrupt enable
     c9c:	ab e5       	ldi	r26, 0x5B	; 91
     c9e:	b0 e0       	ldi	r27, 0x00	; 0
     ca0:	eb e5       	ldi	r30, 0x5B	; 91
     ca2:	f0 e0       	ldi	r31, 0x00	; 0
     ca4:	80 81       	ld	r24, Z
     ca6:	80 62       	ori	r24, 0x20	; 32
     ca8:	8c 93       	st	X, r24
    MCUCSR &= ~(1 << ISC2);  // Configure falling edge
     caa:	a4 e5       	ldi	r26, 0x54	; 84
     cac:	b0 e0       	ldi	r27, 0x00	; 0
     cae:	e4 e5       	ldi	r30, 0x54	; 84
     cb0:	f0 e0       	ldi	r31, 0x00	; 0
     cb2:	80 81       	ld	r24, Z
     cb4:	8f 7b       	andi	r24, 0xBF	; 191
     cb6:	8c 93       	st	X, r24
}
     cb8:	cf 91       	pop	r28
     cba:	df 91       	pop	r29
     cbc:	08 95       	ret

00000cbe <__vector_1>:

ISR(INT0_vect) {  // Reset
     cbe:	1f 92       	push	r1
     cc0:	0f 92       	push	r0
     cc2:	0f b6       	in	r0, 0x3f	; 63
     cc4:	0f 92       	push	r0
     cc6:	11 24       	eor	r1, r1
     cc8:	8f 93       	push	r24
     cca:	af 93       	push	r26
     ccc:	bf 93       	push	r27
     cce:	ef 93       	push	r30
     cd0:	ff 93       	push	r31
     cd2:	df 93       	push	r29
     cd4:	cf 93       	push	r28
     cd6:	cd b7       	in	r28, 0x3d	; 61
     cd8:	de b7       	in	r29, 0x3e	; 62
    sec_units = 0;
     cda:	10 92 68 00 	sts	0x0068, r1
    sec_tens = 0;
     cde:	10 92 69 00 	sts	0x0069, r1
    min_units = 0;
     ce2:	10 92 6a 00 	sts	0x006A, r1
    min_tens = 0;
     ce6:	10 92 6b 00 	sts	0x006B, r1
    hr_units = 0;
     cea:	10 92 6c 00 	sts	0x006C, r1
    hr_tens = 0;
     cee:	10 92 6d 00 	sts	0x006D, r1
    PORTD |= (1 << 4);  // Turn on the red LED
     cf2:	a2 e3       	ldi	r26, 0x32	; 50
     cf4:	b0 e0       	ldi	r27, 0x00	; 0
     cf6:	e2 e3       	ldi	r30, 0x32	; 50
     cf8:	f0 e0       	ldi	r31, 0x00	; 0
     cfa:	80 81       	ld	r24, Z
     cfc:	80 61       	ori	r24, 0x10	; 16
     cfe:	8c 93       	st	X, r24
    PORTD &= ~(1 << 5);  // Turn off the yellow LED
     d00:	a2 e3       	ldi	r26, 0x32	; 50
     d02:	b0 e0       	ldi	r27, 0x00	; 0
     d04:	e2 e3       	ldi	r30, 0x32	; 50
     d06:	f0 e0       	ldi	r31, 0x00	; 0
     d08:	80 81       	ld	r24, Z
     d0a:	8f 7d       	andi	r24, 0xDF	; 223
     d0c:	8c 93       	st	X, r24
}
     d0e:	cf 91       	pop	r28
     d10:	df 91       	pop	r29
     d12:	ff 91       	pop	r31
     d14:	ef 91       	pop	r30
     d16:	bf 91       	pop	r27
     d18:	af 91       	pop	r26
     d1a:	8f 91       	pop	r24
     d1c:	0f 90       	pop	r0
     d1e:	0f be       	out	0x3f, r0	; 63
     d20:	0f 90       	pop	r0
     d22:	1f 90       	pop	r1
     d24:	18 95       	reti

00000d26 <__vector_2>:

ISR(INT1_vect) {  // Pause
     d26:	1f 92       	push	r1
     d28:	0f 92       	push	r0
     d2a:	0f b6       	in	r0, 0x3f	; 63
     d2c:	0f 92       	push	r0
     d2e:	11 24       	eor	r1, r1
     d30:	8f 93       	push	r24
     d32:	af 93       	push	r26
     d34:	bf 93       	push	r27
     d36:	ef 93       	push	r30
     d38:	ff 93       	push	r31
     d3a:	df 93       	push	r29
     d3c:	cf 93       	push	r28
     d3e:	cd b7       	in	r28, 0x3d	; 61
     d40:	de b7       	in	r29, 0x3e	; 62
    TIMSK &= ~(1 << OCIE1A);  // Disable Timer1 compare match interrupt
     d42:	a9 e5       	ldi	r26, 0x59	; 89
     d44:	b0 e0       	ldi	r27, 0x00	; 0
     d46:	e9 e5       	ldi	r30, 0x59	; 89
     d48:	f0 e0       	ldi	r31, 0x00	; 0
     d4a:	80 81       	ld	r24, Z
     d4c:	8f 7e       	andi	r24, 0xEF	; 239
     d4e:	8c 93       	st	X, r24
    PORTD &= ~(1 << 4);  // Turn off the red LED
     d50:	a2 e3       	ldi	r26, 0x32	; 50
     d52:	b0 e0       	ldi	r27, 0x00	; 0
     d54:	e2 e3       	ldi	r30, 0x32	; 50
     d56:	f0 e0       	ldi	r31, 0x00	; 0
     d58:	80 81       	ld	r24, Z
     d5a:	8f 7e       	andi	r24, 0xEF	; 239
     d5c:	8c 93       	st	X, r24
    PORTD |= (1 << 5);  // Turn on the yellow LED
     d5e:	a2 e3       	ldi	r26, 0x32	; 50
     d60:	b0 e0       	ldi	r27, 0x00	; 0
     d62:	e2 e3       	ldi	r30, 0x32	; 50
     d64:	f0 e0       	ldi	r31, 0x00	; 0
     d66:	80 81       	ld	r24, Z
     d68:	80 62       	ori	r24, 0x20	; 32
     d6a:	8c 93       	st	X, r24
}
     d6c:	cf 91       	pop	r28
     d6e:	df 91       	pop	r29
     d70:	ff 91       	pop	r31
     d72:	ef 91       	pop	r30
     d74:	bf 91       	pop	r27
     d76:	af 91       	pop	r26
     d78:	8f 91       	pop	r24
     d7a:	0f 90       	pop	r0
     d7c:	0f be       	out	0x3f, r0	; 63
     d7e:	0f 90       	pop	r0
     d80:	1f 90       	pop	r1
     d82:	18 95       	reti

00000d84 <__vector_3>:

ISR(INT2_vect) {  // Resume
     d84:	1f 92       	push	r1
     d86:	0f 92       	push	r0
     d88:	0f b6       	in	r0, 0x3f	; 63
     d8a:	0f 92       	push	r0
     d8c:	11 24       	eor	r1, r1
     d8e:	8f 93       	push	r24
     d90:	af 93       	push	r26
     d92:	bf 93       	push	r27
     d94:	ef 93       	push	r30
     d96:	ff 93       	push	r31
     d98:	df 93       	push	r29
     d9a:	cf 93       	push	r28
     d9c:	cd b7       	in	r28, 0x3d	; 61
     d9e:	de b7       	in	r29, 0x3e	; 62
    TIMSK |= (1 << OCIE1A);  // Enable Timer1 compare match interrupt
     da0:	a9 e5       	ldi	r26, 0x59	; 89
     da2:	b0 e0       	ldi	r27, 0x00	; 0
     da4:	e9 e5       	ldi	r30, 0x59	; 89
     da6:	f0 e0       	ldi	r31, 0x00	; 0
     da8:	80 81       	ld	r24, Z
     daa:	80 61       	ori	r24, 0x10	; 16
     dac:	8c 93       	st	X, r24
    PORTD |= (1 << 4);  // Turn on the red LED
     dae:	a2 e3       	ldi	r26, 0x32	; 50
     db0:	b0 e0       	ldi	r27, 0x00	; 0
     db2:	e2 e3       	ldi	r30, 0x32	; 50
     db4:	f0 e0       	ldi	r31, 0x00	; 0
     db6:	80 81       	ld	r24, Z
     db8:	80 61       	ori	r24, 0x10	; 16
     dba:	8c 93       	st	X, r24
    PORTD &= ~(1 << 5);  // Turn off the yellow LED
     dbc:	a2 e3       	ldi	r26, 0x32	; 50
     dbe:	b0 e0       	ldi	r27, 0x00	; 0
     dc0:	e2 e3       	ldi	r30, 0x32	; 50
     dc2:	f0 e0       	ldi	r31, 0x00	; 0
     dc4:	80 81       	ld	r24, Z
     dc6:	8f 7d       	andi	r24, 0xDF	; 223
     dc8:	8c 93       	st	X, r24
}
     dca:	cf 91       	pop	r28
     dcc:	df 91       	pop	r29
     dce:	ff 91       	pop	r31
     dd0:	ef 91       	pop	r30
     dd2:	bf 91       	pop	r27
     dd4:	af 91       	pop	r26
     dd6:	8f 91       	pop	r24
     dd8:	0f 90       	pop	r0
     dda:	0f be       	out	0x3f, r0	; 63
     ddc:	0f 90       	pop	r0
     dde:	1f 90       	pop	r1
     de0:	18 95       	reti

00000de2 <__vector_7>:

ISR(TIMER1_COMPA_vect) {  // Timer Interrupt
     de2:	1f 92       	push	r1
     de4:	0f 92       	push	r0
     de6:	0f b6       	in	r0, 0x3f	; 63
     de8:	0f 92       	push	r0
     dea:	11 24       	eor	r1, r1
     dec:	8f 93       	push	r24
     dee:	9f 93       	push	r25
     df0:	af 93       	push	r26
     df2:	bf 93       	push	r27
     df4:	ef 93       	push	r30
     df6:	ff 93       	push	r31
     df8:	df 93       	push	r29
     dfa:	cf 93       	push	r28
     dfc:	cd b7       	in	r28, 0x3d	; 61
     dfe:	de b7       	in	r29, 0x3e	; 62
    if (operation == 0) {  // COUNT UP OPERATION
     e00:	80 91 6e 00 	lds	r24, 0x006E
     e04:	88 23       	and	r24, r24
     e06:	09 f0       	breq	.+2      	; 0xe0a <__vector_7+0x28>
     e08:	50 c0       	rjmp	.+160    	; 0xeaa <__vector_7+0xc8>
        PORTD &= ~(1 << PD5);  // Turn yellow LED OFF
     e0a:	a2 e3       	ldi	r26, 0x32	; 50
     e0c:	b0 e0       	ldi	r27, 0x00	; 0
     e0e:	e2 e3       	ldi	r30, 0x32	; 50
     e10:	f0 e0       	ldi	r31, 0x00	; 0
     e12:	80 81       	ld	r24, Z
     e14:	8f 7d       	andi	r24, 0xDF	; 223
     e16:	8c 93       	st	X, r24
        PORTD |= (1 << PD4);  // Turn red LED ON
     e18:	a2 e3       	ldi	r26, 0x32	; 50
     e1a:	b0 e0       	ldi	r27, 0x00	; 0
     e1c:	e2 e3       	ldi	r30, 0x32	; 50
     e1e:	f0 e0       	ldi	r31, 0x00	; 0
     e20:	80 81       	ld	r24, Z
     e22:	80 61       	ori	r24, 0x10	; 16
     e24:	8c 93       	st	X, r24
        sec_units++;
     e26:	80 91 68 00 	lds	r24, 0x0068
     e2a:	8f 5f       	subi	r24, 0xFF	; 255
     e2c:	80 93 68 00 	sts	0x0068, r24

        if (sec_units == 10) {
     e30:	80 91 68 00 	lds	r24, 0x0068
     e34:	8a 30       	cpi	r24, 0x0A	; 10
     e36:	39 f4       	brne	.+14     	; 0xe46 <__vector_7+0x64>
            sec_tens++;
     e38:	80 91 69 00 	lds	r24, 0x0069
     e3c:	8f 5f       	subi	r24, 0xFF	; 255
     e3e:	80 93 69 00 	sts	0x0069, r24
            sec_units = 0;
     e42:	10 92 68 00 	sts	0x0068, r1
        }
        if (sec_tens == 6) {
     e46:	80 91 69 00 	lds	r24, 0x0069
     e4a:	86 30       	cpi	r24, 0x06	; 6
     e4c:	39 f4       	brne	.+14     	; 0xe5c <__vector_7+0x7a>
            min_units++;
     e4e:	80 91 6a 00 	lds	r24, 0x006A
     e52:	8f 5f       	subi	r24, 0xFF	; 255
     e54:	80 93 6a 00 	sts	0x006A, r24
            sec_tens = 0;
     e58:	10 92 69 00 	sts	0x0069, r1
        }
        if (min_units == 10) {
     e5c:	80 91 6a 00 	lds	r24, 0x006A
     e60:	8a 30       	cpi	r24, 0x0A	; 10
     e62:	39 f4       	brne	.+14     	; 0xe72 <__vector_7+0x90>
            min_tens++;
     e64:	80 91 6b 00 	lds	r24, 0x006B
     e68:	8f 5f       	subi	r24, 0xFF	; 255
     e6a:	80 93 6b 00 	sts	0x006B, r24
            min_units = 0;
     e6e:	10 92 6a 00 	sts	0x006A, r1
        }
        if (min_tens == 6) {
     e72:	80 91 6b 00 	lds	r24, 0x006B
     e76:	86 30       	cpi	r24, 0x06	; 6
     e78:	39 f4       	brne	.+14     	; 0xe88 <__vector_7+0xa6>
            hr_units++;
     e7a:	80 91 6c 00 	lds	r24, 0x006C
     e7e:	8f 5f       	subi	r24, 0xFF	; 255
     e80:	80 93 6c 00 	sts	0x006C, r24
            min_tens = 0;
     e84:	10 92 6b 00 	sts	0x006B, r1
        }
        if (hr_units == 10) {
     e88:	80 91 6c 00 	lds	r24, 0x006C
     e8c:	8a 30       	cpi	r24, 0x0A	; 10
     e8e:	39 f4       	brne	.+14     	; 0xe9e <__vector_7+0xbc>
            hr_tens++;
     e90:	80 91 6d 00 	lds	r24, 0x006D
     e94:	8f 5f       	subi	r24, 0xFF	; 255
     e96:	80 93 6d 00 	sts	0x006D, r24
            hr_units = 0;
     e9a:	10 92 6c 00 	sts	0x006C, r1
        }
        if (hr_tens == 10) {
     e9e:	80 91 6d 00 	lds	r24, 0x006D
     ea2:	8a 30       	cpi	r24, 0x0A	; 10
     ea4:	11 f4       	brne	.+4      	; 0xeaa <__vector_7+0xc8>
            hr_tens = 0;
     ea6:	10 92 6d 00 	sts	0x006D, r1
        }
    }
    if (operation == 1) {  // COUNT DOWN OPERATION
     eaa:	80 91 6e 00 	lds	r24, 0x006E
     eae:	81 30       	cpi	r24, 0x01	; 1
     eb0:	09 f0       	breq	.+2      	; 0xeb4 <__vector_7+0xd2>
     eb2:	74 c0       	rjmp	.+232    	; 0xf9c <__vector_7+0x1ba>
        PORTD &= ~(1 << PD4);  // Turn red LED OFF
     eb4:	a2 e3       	ldi	r26, 0x32	; 50
     eb6:	b0 e0       	ldi	r27, 0x00	; 0
     eb8:	e2 e3       	ldi	r30, 0x32	; 50
     eba:	f0 e0       	ldi	r31, 0x00	; 0
     ebc:	80 81       	ld	r24, Z
     ebe:	8f 7e       	andi	r24, 0xEF	; 239
     ec0:	8c 93       	st	X, r24
        PORTD |= (1 << PD5);  // Turn yellow LED ON
     ec2:	a2 e3       	ldi	r26, 0x32	; 50
     ec4:	b0 e0       	ldi	r27, 0x00	; 0
     ec6:	e2 e3       	ldi	r30, 0x32	; 50
     ec8:	f0 e0       	ldi	r31, 0x00	; 0
     eca:	80 81       	ld	r24, Z
     ecc:	80 62       	ori	r24, 0x20	; 32
     ece:	8c 93       	st	X, r24
        sec_units--;
     ed0:	80 91 68 00 	lds	r24, 0x0068
     ed4:	81 50       	subi	r24, 0x01	; 1
     ed6:	80 93 68 00 	sts	0x0068, r24

        if ((sec_units & 0x0F) > 9) {
     eda:	80 91 68 00 	lds	r24, 0x0068
     ede:	88 2f       	mov	r24, r24
     ee0:	90 e0       	ldi	r25, 0x00	; 0
     ee2:	8f 70       	andi	r24, 0x0F	; 15
     ee4:	90 70       	andi	r25, 0x00	; 0
     ee6:	8a 30       	cpi	r24, 0x0A	; 10
     ee8:	91 05       	cpc	r25, r1
     eea:	44 f0       	brlt	.+16     	; 0xefc <__vector_7+0x11a>
            sec_tens--;
     eec:	80 91 69 00 	lds	r24, 0x0069
     ef0:	81 50       	subi	r24, 0x01	; 1
     ef2:	80 93 69 00 	sts	0x0069, r24
            sec_units = 9;
     ef6:	89 e0       	ldi	r24, 0x09	; 9
     ef8:	80 93 68 00 	sts	0x0068, r24
        }
        if ((sec_tens & 0x0F) > 9) {
     efc:	80 91 69 00 	lds	r24, 0x0069
     f00:	88 2f       	mov	r24, r24
     f02:	90 e0       	ldi	r25, 0x00	; 0
     f04:	8f 70       	andi	r24, 0x0F	; 15
     f06:	90 70       	andi	r25, 0x00	; 0
     f08:	8a 30       	cpi	r24, 0x0A	; 10
     f0a:	91 05       	cpc	r25, r1
     f0c:	44 f0       	brlt	.+16     	; 0xf1e <__vector_7+0x13c>
            min_units--;
     f0e:	80 91 6a 00 	lds	r24, 0x006A
     f12:	81 50       	subi	r24, 0x01	; 1
     f14:	80 93 6a 00 	sts	0x006A, r24
            sec_tens = 5;
     f18:	85 e0       	ldi	r24, 0x05	; 5
     f1a:	80 93 69 00 	sts	0x0069, r24
        }
        if ((min_units & 0x0F) > 9) {
     f1e:	80 91 6a 00 	lds	r24, 0x006A
     f22:	88 2f       	mov	r24, r24
     f24:	90 e0       	ldi	r25, 0x00	; 0
     f26:	8f 70       	andi	r24, 0x0F	; 15
     f28:	90 70       	andi	r25, 0x00	; 0
     f2a:	8a 30       	cpi	r24, 0x0A	; 10
     f2c:	91 05       	cpc	r25, r1
     f2e:	44 f0       	brlt	.+16     	; 0xf40 <__vector_7+0x15e>
            min_tens--;
     f30:	80 91 6b 00 	lds	r24, 0x006B
     f34:	81 50       	subi	r24, 0x01	; 1
     f36:	80 93 6b 00 	sts	0x006B, r24
            min_units = 9;
     f3a:	89 e0       	ldi	r24, 0x09	; 9
     f3c:	80 93 6a 00 	sts	0x006A, r24
        }
        if ((min_tens & 0x0F) > 9) {
     f40:	80 91 6b 00 	lds	r24, 0x006B
     f44:	88 2f       	mov	r24, r24
     f46:	90 e0       	ldi	r25, 0x00	; 0
     f48:	8f 70       	andi	r24, 0x0F	; 15
     f4a:	90 70       	andi	r25, 0x00	; 0
     f4c:	8a 30       	cpi	r24, 0x0A	; 10
     f4e:	91 05       	cpc	r25, r1
     f50:	44 f0       	brlt	.+16     	; 0xf62 <__vector_7+0x180>
            hr_units--;
     f52:	80 91 6c 00 	lds	r24, 0x006C
     f56:	81 50       	subi	r24, 0x01	; 1
     f58:	80 93 6c 00 	sts	0x006C, r24
            min_tens = 5;
     f5c:	85 e0       	ldi	r24, 0x05	; 5
     f5e:	80 93 6b 00 	sts	0x006B, r24
        }
        if ((hr_units & 0x0F) > 9) {
     f62:	80 91 6c 00 	lds	r24, 0x006C
     f66:	88 2f       	mov	r24, r24
     f68:	90 e0       	ldi	r25, 0x00	; 0
     f6a:	8f 70       	andi	r24, 0x0F	; 15
     f6c:	90 70       	andi	r25, 0x00	; 0
     f6e:	8a 30       	cpi	r24, 0x0A	; 10
     f70:	91 05       	cpc	r25, r1
     f72:	44 f0       	brlt	.+16     	; 0xf84 <__vector_7+0x1a2>
            hr_tens--;
     f74:	80 91 6d 00 	lds	r24, 0x006D
     f78:	81 50       	subi	r24, 0x01	; 1
     f7a:	80 93 6d 00 	sts	0x006D, r24
            hr_units = 9;
     f7e:	89 e0       	ldi	r24, 0x09	; 9
     f80:	80 93 6c 00 	sts	0x006C, r24
        }
        if ((hr_tens & 0x0F) > 9) {
     f84:	80 91 6d 00 	lds	r24, 0x006D
     f88:	88 2f       	mov	r24, r24
     f8a:	90 e0       	ldi	r25, 0x00	; 0
     f8c:	8f 70       	andi	r24, 0x0F	; 15
     f8e:	90 70       	andi	r25, 0x00	; 0
     f90:	8a 30       	cpi	r24, 0x0A	; 10
     f92:	91 05       	cpc	r25, r1
     f94:	1c f0       	brlt	.+6      	; 0xf9c <__vector_7+0x1ba>
            hr_tens = 9;
     f96:	89 e0       	ldi	r24, 0x09	; 9
     f98:	80 93 6d 00 	sts	0x006D, r24
        }
    }
}
     f9c:	cf 91       	pop	r28
     f9e:	df 91       	pop	r29
     fa0:	ff 91       	pop	r31
     fa2:	ef 91       	pop	r30
     fa4:	bf 91       	pop	r27
     fa6:	af 91       	pop	r26
     fa8:	9f 91       	pop	r25
     faa:	8f 91       	pop	r24
     fac:	0f 90       	pop	r0
     fae:	0f be       	out	0x3f, r0	; 63
     fb0:	0f 90       	pop	r0
     fb2:	1f 90       	pop	r1
     fb4:	18 95       	reti

00000fb6 <display>:

void display(unsigned char least_sec, unsigned char most_sec, unsigned char least_min, unsigned char most_min, unsigned char least_hr, unsigned char most_hr) {
     fb6:	ef 92       	push	r14
     fb8:	0f 93       	push	r16
     fba:	1f 93       	push	r17
     fbc:	df 93       	push	r29
     fbe:	cf 93       	push	r28
     fc0:	cd b7       	in	r28, 0x3d	; 61
     fc2:	de b7       	in	r29, 0x3e	; 62
     fc4:	c8 56       	subi	r28, 0x68	; 104
     fc6:	d0 40       	sbci	r29, 0x00	; 0
     fc8:	0f b6       	in	r0, 0x3f	; 63
     fca:	f8 94       	cli
     fcc:	de bf       	out	0x3e, r29	; 62
     fce:	0f be       	out	0x3f, r0	; 63
     fd0:	cd bf       	out	0x3d, r28	; 61
     fd2:	fe 01       	movw	r30, r28
     fd4:	ed 59       	subi	r30, 0x9D	; 157
     fd6:	ff 4f       	sbci	r31, 0xFF	; 255
     fd8:	80 83       	st	Z, r24
     fda:	fe 01       	movw	r30, r28
     fdc:	ec 59       	subi	r30, 0x9C	; 156
     fde:	ff 4f       	sbci	r31, 0xFF	; 255
     fe0:	60 83       	st	Z, r22
     fe2:	fe 01       	movw	r30, r28
     fe4:	eb 59       	subi	r30, 0x9B	; 155
     fe6:	ff 4f       	sbci	r31, 0xFF	; 255
     fe8:	40 83       	st	Z, r20
     fea:	fe 01       	movw	r30, r28
     fec:	ea 59       	subi	r30, 0x9A	; 154
     fee:	ff 4f       	sbci	r31, 0xFF	; 255
     ff0:	20 83       	st	Z, r18
     ff2:	fe 01       	movw	r30, r28
     ff4:	e9 59       	subi	r30, 0x99	; 153
     ff6:	ff 4f       	sbci	r31, 0xFF	; 255
     ff8:	00 83       	st	Z, r16
     ffa:	fe 01       	movw	r30, r28
     ffc:	e8 59       	subi	r30, 0x98	; 152
     ffe:	ff 4f       	sbci	r31, 0xFF	; 255
    1000:	e0 82       	st	Z, r14
    1002:	fe 01       	movw	r30, r28
    1004:	e1 5a       	subi	r30, 0xA1	; 161
    1006:	ff 4f       	sbci	r31, 0xFF	; 255
    1008:	80 e0       	ldi	r24, 0x00	; 0
    100a:	90 e0       	ldi	r25, 0x00	; 0
    100c:	a0 e0       	ldi	r26, 0x00	; 0
    100e:	b0 e4       	ldi	r27, 0x40	; 64
    1010:	80 83       	st	Z, r24
    1012:	91 83       	std	Z+1, r25	; 0x01
    1014:	a2 83       	std	Z+2, r26	; 0x02
    1016:	b3 83       	std	Z+3, r27	; 0x03
 */
void
_delay_ms(double __ms)
{
	uint16_t __ticks;
	double __tmp = ((F_CPU) / 4e3) * __ms;
    1018:	8e 01       	movw	r16, r28
    101a:	05 5a       	subi	r16, 0xA5	; 165
    101c:	1f 4f       	sbci	r17, 0xFF	; 255
    101e:	fe 01       	movw	r30, r28
    1020:	e1 5a       	subi	r30, 0xA1	; 161
    1022:	ff 4f       	sbci	r31, 0xFF	; 255
    1024:	60 81       	ld	r22, Z
    1026:	71 81       	ldd	r23, Z+1	; 0x01
    1028:	82 81       	ldd	r24, Z+2	; 0x02
    102a:	93 81       	ldd	r25, Z+3	; 0x03
    102c:	20 e0       	ldi	r18, 0x00	; 0
    102e:	30 e0       	ldi	r19, 0x00	; 0
    1030:	4a e7       	ldi	r20, 0x7A	; 122
    1032:	55 e4       	ldi	r21, 0x45	; 69
    1034:	0e 94 1f 02 	call	0x43e	; 0x43e <__mulsf3>
    1038:	dc 01       	movw	r26, r24
    103a:	cb 01       	movw	r24, r22
    103c:	f8 01       	movw	r30, r16
    103e:	80 83       	st	Z, r24
    1040:	91 83       	std	Z+1, r25	; 0x01
    1042:	a2 83       	std	Z+2, r26	; 0x02
    1044:	b3 83       	std	Z+3, r27	; 0x03
	if (__tmp < 1.0)
    1046:	fe 01       	movw	r30, r28
    1048:	e5 5a       	subi	r30, 0xA5	; 165
    104a:	ff 4f       	sbci	r31, 0xFF	; 255
    104c:	60 81       	ld	r22, Z
    104e:	71 81       	ldd	r23, Z+1	; 0x01
    1050:	82 81       	ldd	r24, Z+2	; 0x02
    1052:	93 81       	ldd	r25, Z+3	; 0x03
    1054:	20 e0       	ldi	r18, 0x00	; 0
    1056:	30 e0       	ldi	r19, 0x00	; 0
    1058:	40 e8       	ldi	r20, 0x80	; 128
    105a:	5f e3       	ldi	r21, 0x3F	; 63
    105c:	0e 94 79 03 	call	0x6f2	; 0x6f2 <__ltsf2>
    1060:	88 23       	and	r24, r24
    1062:	44 f4       	brge	.+16     	; 0x1074 <display+0xbe>
		__ticks = 1;
    1064:	fe 01       	movw	r30, r28
    1066:	e7 5a       	subi	r30, 0xA7	; 167
    1068:	ff 4f       	sbci	r31, 0xFF	; 255
    106a:	81 e0       	ldi	r24, 0x01	; 1
    106c:	90 e0       	ldi	r25, 0x00	; 0
    106e:	91 83       	std	Z+1, r25	; 0x01
    1070:	80 83       	st	Z, r24
    1072:	64 c0       	rjmp	.+200    	; 0x113c <display+0x186>
	else if (__tmp > 65535)
    1074:	fe 01       	movw	r30, r28
    1076:	e5 5a       	subi	r30, 0xA5	; 165
    1078:	ff 4f       	sbci	r31, 0xFF	; 255
    107a:	60 81       	ld	r22, Z
    107c:	71 81       	ldd	r23, Z+1	; 0x01
    107e:	82 81       	ldd	r24, Z+2	; 0x02
    1080:	93 81       	ldd	r25, Z+3	; 0x03
    1082:	20 e0       	ldi	r18, 0x00	; 0
    1084:	3f ef       	ldi	r19, 0xFF	; 255
    1086:	4f e7       	ldi	r20, 0x7F	; 127
    1088:	57 e4       	ldi	r21, 0x47	; 71
    108a:	0e 94 19 03 	call	0x632	; 0x632 <__gtsf2>
    108e:	18 16       	cp	r1, r24
    1090:	0c f0       	brlt	.+2      	; 0x1094 <display+0xde>
    1092:	43 c0       	rjmp	.+134    	; 0x111a <display+0x164>
	{
		//	__ticks = requested delay in 1/10 ms
		__ticks = (uint16_t) (__ms * 10.0);
    1094:	fe 01       	movw	r30, r28
    1096:	e1 5a       	subi	r30, 0xA1	; 161
    1098:	ff 4f       	sbci	r31, 0xFF	; 255
    109a:	60 81       	ld	r22, Z
    109c:	71 81       	ldd	r23, Z+1	; 0x01
    109e:	82 81       	ldd	r24, Z+2	; 0x02
    10a0:	93 81       	ldd	r25, Z+3	; 0x03
    10a2:	20 e0       	ldi	r18, 0x00	; 0
    10a4:	30 e0       	ldi	r19, 0x00	; 0
    10a6:	40 e2       	ldi	r20, 0x20	; 32
    10a8:	51 e4       	ldi	r21, 0x41	; 65
    10aa:	0e 94 1f 02 	call	0x43e	; 0x43e <__mulsf3>
    10ae:	dc 01       	movw	r26, r24
    10b0:	cb 01       	movw	r24, r22
    10b2:	8e 01       	movw	r16, r28
    10b4:	07 5a       	subi	r16, 0xA7	; 167
    10b6:	1f 4f       	sbci	r17, 0xFF	; 255
    10b8:	bc 01       	movw	r22, r24
    10ba:	cd 01       	movw	r24, r26
    10bc:	0e 94 49 00 	call	0x92	; 0x92 <__fixunssfsi>
    10c0:	dc 01       	movw	r26, r24
    10c2:	cb 01       	movw	r24, r22
    10c4:	f8 01       	movw	r30, r16
    10c6:	91 83       	std	Z+1, r25	; 0x01
    10c8:	80 83       	st	Z, r24
    10ca:	1f c0       	rjmp	.+62     	; 0x110a <display+0x154>
    10cc:	fe 01       	movw	r30, r28
    10ce:	e9 5a       	subi	r30, 0xA9	; 169
    10d0:	ff 4f       	sbci	r31, 0xFF	; 255
    10d2:	80 e9       	ldi	r24, 0x90	; 144
    10d4:	91 e0       	ldi	r25, 0x01	; 1
    10d6:	91 83       	std	Z+1, r25	; 0x01
    10d8:	80 83       	st	Z, r24
    milliseconds can be achieved.
 */
void
_delay_loop_2(uint16_t __count)
{
	__asm__ volatile (
    10da:	fe 01       	movw	r30, r28
    10dc:	e9 5a       	subi	r30, 0xA9	; 169
    10de:	ff 4f       	sbci	r31, 0xFF	; 255
    10e0:	80 81       	ld	r24, Z
    10e2:	91 81       	ldd	r25, Z+1	; 0x01
    10e4:	01 97       	sbiw	r24, 0x01	; 1
    10e6:	f1 f7       	brne	.-4      	; 0x10e4 <display+0x12e>
    10e8:	fe 01       	movw	r30, r28
    10ea:	e9 5a       	subi	r30, 0xA9	; 169
    10ec:	ff 4f       	sbci	r31, 0xFF	; 255
    10ee:	91 83       	std	Z+1, r25	; 0x01
    10f0:	80 83       	st	Z, r24
		while(__ticks)
		{
			// wait 1/10 ms
			_delay_loop_2(((F_CPU) / 4e3) / 10);
			__ticks --;
    10f2:	de 01       	movw	r26, r28
    10f4:	a7 5a       	subi	r26, 0xA7	; 167
    10f6:	bf 4f       	sbci	r27, 0xFF	; 255
    10f8:	fe 01       	movw	r30, r28
    10fa:	e7 5a       	subi	r30, 0xA7	; 167
    10fc:	ff 4f       	sbci	r31, 0xFF	; 255
    10fe:	80 81       	ld	r24, Z
    1100:	91 81       	ldd	r25, Z+1	; 0x01
    1102:	01 97       	sbiw	r24, 0x01	; 1
    1104:	11 96       	adiw	r26, 0x01	; 1
    1106:	9c 93       	st	X, r25
    1108:	8e 93       	st	-X, r24
		__ticks = 1;
	else if (__tmp > 65535)
	{
		//	__ticks = requested delay in 1/10 ms
		__ticks = (uint16_t) (__ms * 10.0);
		while(__ticks)
    110a:	fe 01       	movw	r30, r28
    110c:	e7 5a       	subi	r30, 0xA7	; 167
    110e:	ff 4f       	sbci	r31, 0xFF	; 255
    1110:	80 81       	ld	r24, Z
    1112:	91 81       	ldd	r25, Z+1	; 0x01
    1114:	00 97       	sbiw	r24, 0x00	; 0
    1116:	d1 f6       	brne	.-76     	; 0x10cc <display+0x116>
    1118:	27 c0       	rjmp	.+78     	; 0x1168 <display+0x1b2>
			__ticks --;
		}
		return;
	}
	else
		__ticks = (uint16_t)__tmp;
    111a:	8e 01       	movw	r16, r28
    111c:	07 5a       	subi	r16, 0xA7	; 167
    111e:	1f 4f       	sbci	r17, 0xFF	; 255
    1120:	fe 01       	movw	r30, r28
    1122:	e5 5a       	subi	r30, 0xA5	; 165
    1124:	ff 4f       	sbci	r31, 0xFF	; 255
    1126:	60 81       	ld	r22, Z
    1128:	71 81       	ldd	r23, Z+1	; 0x01
    112a:	82 81       	ldd	r24, Z+2	; 0x02
    112c:	93 81       	ldd	r25, Z+3	; 0x03
    112e:	0e 94 49 00 	call	0x92	; 0x92 <__fixunssfsi>
    1132:	dc 01       	movw	r26, r24
    1134:	cb 01       	movw	r24, r22
    1136:	f8 01       	movw	r30, r16
    1138:	91 83       	std	Z+1, r25	; 0x01
    113a:	80 83       	st	Z, r24
    113c:	de 01       	movw	r26, r28
    113e:	ab 5a       	subi	r26, 0xAB	; 171
    1140:	bf 4f       	sbci	r27, 0xFF	; 255
    1142:	fe 01       	movw	r30, r28
    1144:	e7 5a       	subi	r30, 0xA7	; 167
    1146:	ff 4f       	sbci	r31, 0xFF	; 255
    1148:	80 81       	ld	r24, Z
    114a:	91 81       	ldd	r25, Z+1	; 0x01
    114c:	8d 93       	st	X+, r24
    114e:	9c 93       	st	X, r25
    1150:	fe 01       	movw	r30, r28
    1152:	eb 5a       	subi	r30, 0xAB	; 171
    1154:	ff 4f       	sbci	r31, 0xFF	; 255
    1156:	80 81       	ld	r24, Z
    1158:	91 81       	ldd	r25, Z+1	; 0x01
    115a:	01 97       	sbiw	r24, 0x01	; 1
    115c:	f1 f7       	brne	.-4      	; 0x115a <display+0x1a4>
    115e:	fe 01       	movw	r30, r28
    1160:	eb 5a       	subi	r30, 0xAB	; 171
    1162:	ff 4f       	sbci	r31, 0xFF	; 255
    1164:	91 83       	std	Z+1, r25	; 0x01
    1166:	80 83       	st	Z, r24
    _delay_ms(2);
    // Display least significant digit of seconds
    PORTA = 0;  // Clear all bits in PORTA
    1168:	eb e3       	ldi	r30, 0x3B	; 59
    116a:	f0 e0       	ldi	r31, 0x00	; 0
    116c:	10 82       	st	Z, r1
    PORTA |= (1 << 5);  // Set bit 5
    116e:	ab e3       	ldi	r26, 0x3B	; 59
    1170:	b0 e0       	ldi	r27, 0x00	; 0
    1172:	eb e3       	ldi	r30, 0x3B	; 59
    1174:	f0 e0       	ldi	r31, 0x00	; 0
    1176:	80 81       	ld	r24, Z
    1178:	80 62       	ori	r24, 0x20	; 32
    117a:	8c 93       	st	X, r24
    PORTC = (PORTC & 0xF0) | (least_sec & 0x0F);
    117c:	a5 e3       	ldi	r26, 0x35	; 53
    117e:	b0 e0       	ldi	r27, 0x00	; 0
    1180:	e5 e3       	ldi	r30, 0x35	; 53
    1182:	f0 e0       	ldi	r31, 0x00	; 0
    1184:	80 81       	ld	r24, Z
    1186:	98 2f       	mov	r25, r24
    1188:	90 7f       	andi	r25, 0xF0	; 240
    118a:	fe 01       	movw	r30, r28
    118c:	ed 59       	subi	r30, 0x9D	; 157
    118e:	ff 4f       	sbci	r31, 0xFF	; 255
    1190:	80 81       	ld	r24, Z
    1192:	8f 70       	andi	r24, 0x0F	; 15
    1194:	89 2b       	or	r24, r25
    1196:	8c 93       	st	X, r24
    1198:	fe 01       	movw	r30, r28
    119a:	ef 5a       	subi	r30, 0xAF	; 175
    119c:	ff 4f       	sbci	r31, 0xFF	; 255
    119e:	80 e0       	ldi	r24, 0x00	; 0
    11a0:	90 e0       	ldi	r25, 0x00	; 0
    11a2:	a0 e0       	ldi	r26, 0x00	; 0
    11a4:	b0 e4       	ldi	r27, 0x40	; 64
    11a6:	80 83       	st	Z, r24
    11a8:	91 83       	std	Z+1, r25	; 0x01
    11aa:	a2 83       	std	Z+2, r26	; 0x02
    11ac:	b3 83       	std	Z+3, r27	; 0x03
 */
void
_delay_ms(double __ms)
{
	uint16_t __ticks;
	double __tmp = ((F_CPU) / 4e3) * __ms;
    11ae:	8e 01       	movw	r16, r28
    11b0:	03 5b       	subi	r16, 0xB3	; 179
    11b2:	1f 4f       	sbci	r17, 0xFF	; 255
    11b4:	fe 01       	movw	r30, r28
    11b6:	ef 5a       	subi	r30, 0xAF	; 175
    11b8:	ff 4f       	sbci	r31, 0xFF	; 255
    11ba:	60 81       	ld	r22, Z
    11bc:	71 81       	ldd	r23, Z+1	; 0x01
    11be:	82 81       	ldd	r24, Z+2	; 0x02
    11c0:	93 81       	ldd	r25, Z+3	; 0x03
    11c2:	20 e0       	ldi	r18, 0x00	; 0
    11c4:	30 e0       	ldi	r19, 0x00	; 0
    11c6:	4a e7       	ldi	r20, 0x7A	; 122
    11c8:	55 e4       	ldi	r21, 0x45	; 69
    11ca:	0e 94 1f 02 	call	0x43e	; 0x43e <__mulsf3>
    11ce:	dc 01       	movw	r26, r24
    11d0:	cb 01       	movw	r24, r22
    11d2:	f8 01       	movw	r30, r16
    11d4:	80 83       	st	Z, r24
    11d6:	91 83       	std	Z+1, r25	; 0x01
    11d8:	a2 83       	std	Z+2, r26	; 0x02
    11da:	b3 83       	std	Z+3, r27	; 0x03
	if (__tmp < 1.0)
    11dc:	fe 01       	movw	r30, r28
    11de:	e3 5b       	subi	r30, 0xB3	; 179
    11e0:	ff 4f       	sbci	r31, 0xFF	; 255
    11e2:	60 81       	ld	r22, Z
    11e4:	71 81       	ldd	r23, Z+1	; 0x01
    11e6:	82 81       	ldd	r24, Z+2	; 0x02
    11e8:	93 81       	ldd	r25, Z+3	; 0x03
    11ea:	20 e0       	ldi	r18, 0x00	; 0
    11ec:	30 e0       	ldi	r19, 0x00	; 0
    11ee:	40 e8       	ldi	r20, 0x80	; 128
    11f0:	5f e3       	ldi	r21, 0x3F	; 63
    11f2:	0e 94 79 03 	call	0x6f2	; 0x6f2 <__ltsf2>
    11f6:	88 23       	and	r24, r24
    11f8:	44 f4       	brge	.+16     	; 0x120a <display+0x254>
		__ticks = 1;
    11fa:	fe 01       	movw	r30, r28
    11fc:	e5 5b       	subi	r30, 0xB5	; 181
    11fe:	ff 4f       	sbci	r31, 0xFF	; 255
    1200:	81 e0       	ldi	r24, 0x01	; 1
    1202:	90 e0       	ldi	r25, 0x00	; 0
    1204:	91 83       	std	Z+1, r25	; 0x01
    1206:	80 83       	st	Z, r24
    1208:	64 c0       	rjmp	.+200    	; 0x12d2 <display+0x31c>
	else if (__tmp > 65535)
    120a:	fe 01       	movw	r30, r28
    120c:	e3 5b       	subi	r30, 0xB3	; 179
    120e:	ff 4f       	sbci	r31, 0xFF	; 255
    1210:	60 81       	ld	r22, Z
    1212:	71 81       	ldd	r23, Z+1	; 0x01
    1214:	82 81       	ldd	r24, Z+2	; 0x02
    1216:	93 81       	ldd	r25, Z+3	; 0x03
    1218:	20 e0       	ldi	r18, 0x00	; 0
    121a:	3f ef       	ldi	r19, 0xFF	; 255
    121c:	4f e7       	ldi	r20, 0x7F	; 127
    121e:	57 e4       	ldi	r21, 0x47	; 71
    1220:	0e 94 19 03 	call	0x632	; 0x632 <__gtsf2>
    1224:	18 16       	cp	r1, r24
    1226:	0c f0       	brlt	.+2      	; 0x122a <display+0x274>
    1228:	43 c0       	rjmp	.+134    	; 0x12b0 <display+0x2fa>
	{
		//	__ticks = requested delay in 1/10 ms
		__ticks = (uint16_t) (__ms * 10.0);
    122a:	fe 01       	movw	r30, r28
    122c:	ef 5a       	subi	r30, 0xAF	; 175
    122e:	ff 4f       	sbci	r31, 0xFF	; 255
    1230:	60 81       	ld	r22, Z
    1232:	71 81       	ldd	r23, Z+1	; 0x01
    1234:	82 81       	ldd	r24, Z+2	; 0x02
    1236:	93 81       	ldd	r25, Z+3	; 0x03
    1238:	20 e0       	ldi	r18, 0x00	; 0
    123a:	30 e0       	ldi	r19, 0x00	; 0
    123c:	40 e2       	ldi	r20, 0x20	; 32
    123e:	51 e4       	ldi	r21, 0x41	; 65
    1240:	0e 94 1f 02 	call	0x43e	; 0x43e <__mulsf3>
    1244:	dc 01       	movw	r26, r24
    1246:	cb 01       	movw	r24, r22
    1248:	8e 01       	movw	r16, r28
    124a:	05 5b       	subi	r16, 0xB5	; 181
    124c:	1f 4f       	sbci	r17, 0xFF	; 255
    124e:	bc 01       	movw	r22, r24
    1250:	cd 01       	movw	r24, r26
    1252:	0e 94 49 00 	call	0x92	; 0x92 <__fixunssfsi>
    1256:	dc 01       	movw	r26, r24
    1258:	cb 01       	movw	r24, r22
    125a:	f8 01       	movw	r30, r16
    125c:	91 83       	std	Z+1, r25	; 0x01
    125e:	80 83       	st	Z, r24
    1260:	1f c0       	rjmp	.+62     	; 0x12a0 <display+0x2ea>
    1262:	fe 01       	movw	r30, r28
    1264:	e7 5b       	subi	r30, 0xB7	; 183
    1266:	ff 4f       	sbci	r31, 0xFF	; 255
    1268:	80 e9       	ldi	r24, 0x90	; 144
    126a:	91 e0       	ldi	r25, 0x01	; 1
    126c:	91 83       	std	Z+1, r25	; 0x01
    126e:	80 83       	st	Z, r24
    1270:	fe 01       	movw	r30, r28
    1272:	e7 5b       	subi	r30, 0xB7	; 183
    1274:	ff 4f       	sbci	r31, 0xFF	; 255
    1276:	80 81       	ld	r24, Z
    1278:	91 81       	ldd	r25, Z+1	; 0x01
    127a:	01 97       	sbiw	r24, 0x01	; 1
    127c:	f1 f7       	brne	.-4      	; 0x127a <display+0x2c4>
    127e:	fe 01       	movw	r30, r28
    1280:	e7 5b       	subi	r30, 0xB7	; 183
    1282:	ff 4f       	sbci	r31, 0xFF	; 255
    1284:	91 83       	std	Z+1, r25	; 0x01
    1286:	80 83       	st	Z, r24
		while(__ticks)
		{
			// wait 1/10 ms
			_delay_loop_2(((F_CPU) / 4e3) / 10);
			__ticks --;
    1288:	de 01       	movw	r26, r28
    128a:	a5 5b       	subi	r26, 0xB5	; 181
    128c:	bf 4f       	sbci	r27, 0xFF	; 255
    128e:	fe 01       	movw	r30, r28
    1290:	e5 5b       	subi	r30, 0xB5	; 181
    1292:	ff 4f       	sbci	r31, 0xFF	; 255
    1294:	80 81       	ld	r24, Z
    1296:	91 81       	ldd	r25, Z+1	; 0x01
    1298:	01 97       	sbiw	r24, 0x01	; 1
    129a:	11 96       	adiw	r26, 0x01	; 1
    129c:	9c 93       	st	X, r25
    129e:	8e 93       	st	-X, r24
		__ticks = 1;
	else if (__tmp > 65535)
	{
		//	__ticks = requested delay in 1/10 ms
		__ticks = (uint16_t) (__ms * 10.0);
		while(__ticks)
    12a0:	fe 01       	movw	r30, r28
    12a2:	e5 5b       	subi	r30, 0xB5	; 181
    12a4:	ff 4f       	sbci	r31, 0xFF	; 255
    12a6:	80 81       	ld	r24, Z
    12a8:	91 81       	ldd	r25, Z+1	; 0x01
    12aa:	00 97       	sbiw	r24, 0x00	; 0
    12ac:	d1 f6       	brne	.-76     	; 0x1262 <display+0x2ac>
    12ae:	27 c0       	rjmp	.+78     	; 0x12fe <display+0x348>
			__ticks --;
		}
		return;
	}
	else
		__ticks = (uint16_t)__tmp;
    12b0:	8e 01       	movw	r16, r28
    12b2:	05 5b       	subi	r16, 0xB5	; 181
    12b4:	1f 4f       	sbci	r17, 0xFF	; 255
    12b6:	fe 01       	movw	r30, r28
    12b8:	e3 5b       	subi	r30, 0xB3	; 179
    12ba:	ff 4f       	sbci	r31, 0xFF	; 255
    12bc:	60 81       	ld	r22, Z
    12be:	71 81       	ldd	r23, Z+1	; 0x01
    12c0:	82 81       	ldd	r24, Z+2	; 0x02
    12c2:	93 81       	ldd	r25, Z+3	; 0x03
    12c4:	0e 94 49 00 	call	0x92	; 0x92 <__fixunssfsi>
    12c8:	dc 01       	movw	r26, r24
    12ca:	cb 01       	movw	r24, r22
    12cc:	f8 01       	movw	r30, r16
    12ce:	91 83       	std	Z+1, r25	; 0x01
    12d0:	80 83       	st	Z, r24
    12d2:	de 01       	movw	r26, r28
    12d4:	a9 5b       	subi	r26, 0xB9	; 185
    12d6:	bf 4f       	sbci	r27, 0xFF	; 255
    12d8:	fe 01       	movw	r30, r28
    12da:	e5 5b       	subi	r30, 0xB5	; 181
    12dc:	ff 4f       	sbci	r31, 0xFF	; 255
    12de:	80 81       	ld	r24, Z
    12e0:	91 81       	ldd	r25, Z+1	; 0x01
    12e2:	8d 93       	st	X+, r24
    12e4:	9c 93       	st	X, r25
    12e6:	fe 01       	movw	r30, r28
    12e8:	e9 5b       	subi	r30, 0xB9	; 185
    12ea:	ff 4f       	sbci	r31, 0xFF	; 255
    12ec:	80 81       	ld	r24, Z
    12ee:	91 81       	ldd	r25, Z+1	; 0x01
    12f0:	01 97       	sbiw	r24, 0x01	; 1
    12f2:	f1 f7       	brne	.-4      	; 0x12f0 <display+0x33a>
    12f4:	fe 01       	movw	r30, r28
    12f6:	e9 5b       	subi	r30, 0xB9	; 185
    12f8:	ff 4f       	sbci	r31, 0xFF	; 255
    12fa:	91 83       	std	Z+1, r25	; 0x01
    12fc:	80 83       	st	Z, r24
    _delay_ms(2);

    // Display most significant digit of seconds
    PORTA = 0;  // Clear all bits in PORTA
    12fe:	eb e3       	ldi	r30, 0x3B	; 59
    1300:	f0 e0       	ldi	r31, 0x00	; 0
    1302:	10 82       	st	Z, r1
    PORTA |= (1 << 4);  // Set bit 4
    1304:	ab e3       	ldi	r26, 0x3B	; 59
    1306:	b0 e0       	ldi	r27, 0x00	; 0
    1308:	eb e3       	ldi	r30, 0x3B	; 59
    130a:	f0 e0       	ldi	r31, 0x00	; 0
    130c:	80 81       	ld	r24, Z
    130e:	80 61       	ori	r24, 0x10	; 16
    1310:	8c 93       	st	X, r24
    PORTC = (PORTC & 0xF0) | (most_sec & 0x0F);
    1312:	a5 e3       	ldi	r26, 0x35	; 53
    1314:	b0 e0       	ldi	r27, 0x00	; 0
    1316:	e5 e3       	ldi	r30, 0x35	; 53
    1318:	f0 e0       	ldi	r31, 0x00	; 0
    131a:	80 81       	ld	r24, Z
    131c:	98 2f       	mov	r25, r24
    131e:	90 7f       	andi	r25, 0xF0	; 240
    1320:	fe 01       	movw	r30, r28
    1322:	ec 59       	subi	r30, 0x9C	; 156
    1324:	ff 4f       	sbci	r31, 0xFF	; 255
    1326:	80 81       	ld	r24, Z
    1328:	8f 70       	andi	r24, 0x0F	; 15
    132a:	89 2b       	or	r24, r25
    132c:	8c 93       	st	X, r24
    132e:	fe 01       	movw	r30, r28
    1330:	ed 5b       	subi	r30, 0xBD	; 189
    1332:	ff 4f       	sbci	r31, 0xFF	; 255
    1334:	80 e0       	ldi	r24, 0x00	; 0
    1336:	90 e0       	ldi	r25, 0x00	; 0
    1338:	a0 e0       	ldi	r26, 0x00	; 0
    133a:	b0 e4       	ldi	r27, 0x40	; 64
    133c:	80 83       	st	Z, r24
    133e:	91 83       	std	Z+1, r25	; 0x01
    1340:	a2 83       	std	Z+2, r26	; 0x02
    1342:	b3 83       	std	Z+3, r27	; 0x03
 */
void
_delay_ms(double __ms)
{
	uint16_t __ticks;
	double __tmp = ((F_CPU) / 4e3) * __ms;
    1344:	8e 01       	movw	r16, r28
    1346:	01 5c       	subi	r16, 0xC1	; 193
    1348:	1f 4f       	sbci	r17, 0xFF	; 255
    134a:	fe 01       	movw	r30, r28
    134c:	ed 5b       	subi	r30, 0xBD	; 189
    134e:	ff 4f       	sbci	r31, 0xFF	; 255
    1350:	60 81       	ld	r22, Z
    1352:	71 81       	ldd	r23, Z+1	; 0x01
    1354:	82 81       	ldd	r24, Z+2	; 0x02
    1356:	93 81       	ldd	r25, Z+3	; 0x03
    1358:	20 e0       	ldi	r18, 0x00	; 0
    135a:	30 e0       	ldi	r19, 0x00	; 0
    135c:	4a e7       	ldi	r20, 0x7A	; 122
    135e:	55 e4       	ldi	r21, 0x45	; 69
    1360:	0e 94 1f 02 	call	0x43e	; 0x43e <__mulsf3>
    1364:	dc 01       	movw	r26, r24
    1366:	cb 01       	movw	r24, r22
    1368:	f8 01       	movw	r30, r16
    136a:	80 83       	st	Z, r24
    136c:	91 83       	std	Z+1, r25	; 0x01
    136e:	a2 83       	std	Z+2, r26	; 0x02
    1370:	b3 83       	std	Z+3, r27	; 0x03
	if (__tmp < 1.0)
    1372:	fe 01       	movw	r30, r28
    1374:	ff 96       	adiw	r30, 0x3f	; 63
    1376:	60 81       	ld	r22, Z
    1378:	71 81       	ldd	r23, Z+1	; 0x01
    137a:	82 81       	ldd	r24, Z+2	; 0x02
    137c:	93 81       	ldd	r25, Z+3	; 0x03
    137e:	20 e0       	ldi	r18, 0x00	; 0
    1380:	30 e0       	ldi	r19, 0x00	; 0
    1382:	40 e8       	ldi	r20, 0x80	; 128
    1384:	5f e3       	ldi	r21, 0x3F	; 63
    1386:	0e 94 79 03 	call	0x6f2	; 0x6f2 <__ltsf2>
    138a:	88 23       	and	r24, r24
    138c:	2c f4       	brge	.+10     	; 0x1398 <display+0x3e2>
		__ticks = 1;
    138e:	81 e0       	ldi	r24, 0x01	; 1
    1390:	90 e0       	ldi	r25, 0x00	; 0
    1392:	9e af       	std	Y+62, r25	; 0x3e
    1394:	8d af       	std	Y+61, r24	; 0x3d
    1396:	46 c0       	rjmp	.+140    	; 0x1424 <display+0x46e>
	else if (__tmp > 65535)
    1398:	fe 01       	movw	r30, r28
    139a:	ff 96       	adiw	r30, 0x3f	; 63
    139c:	60 81       	ld	r22, Z
    139e:	71 81       	ldd	r23, Z+1	; 0x01
    13a0:	82 81       	ldd	r24, Z+2	; 0x02
    13a2:	93 81       	ldd	r25, Z+3	; 0x03
    13a4:	20 e0       	ldi	r18, 0x00	; 0
    13a6:	3f ef       	ldi	r19, 0xFF	; 255
    13a8:	4f e7       	ldi	r20, 0x7F	; 127
    13aa:	57 e4       	ldi	r21, 0x47	; 71
    13ac:	0e 94 19 03 	call	0x632	; 0x632 <__gtsf2>
    13b0:	18 16       	cp	r1, r24
    13b2:	64 f5       	brge	.+88     	; 0x140c <display+0x456>
	{
		//	__ticks = requested delay in 1/10 ms
		__ticks = (uint16_t) (__ms * 10.0);
    13b4:	fe 01       	movw	r30, r28
    13b6:	ed 5b       	subi	r30, 0xBD	; 189
    13b8:	ff 4f       	sbci	r31, 0xFF	; 255
    13ba:	60 81       	ld	r22, Z
    13bc:	71 81       	ldd	r23, Z+1	; 0x01
    13be:	82 81       	ldd	r24, Z+2	; 0x02
    13c0:	93 81       	ldd	r25, Z+3	; 0x03
    13c2:	20 e0       	ldi	r18, 0x00	; 0
    13c4:	30 e0       	ldi	r19, 0x00	; 0
    13c6:	40 e2       	ldi	r20, 0x20	; 32
    13c8:	51 e4       	ldi	r21, 0x41	; 65
    13ca:	0e 94 1f 02 	call	0x43e	; 0x43e <__mulsf3>
    13ce:	dc 01       	movw	r26, r24
    13d0:	cb 01       	movw	r24, r22
    13d2:	bc 01       	movw	r22, r24
    13d4:	cd 01       	movw	r24, r26
    13d6:	0e 94 49 00 	call	0x92	; 0x92 <__fixunssfsi>
    13da:	dc 01       	movw	r26, r24
    13dc:	cb 01       	movw	r24, r22
    13de:	9e af       	std	Y+62, r25	; 0x3e
    13e0:	8d af       	std	Y+61, r24	; 0x3d
    13e2:	0f c0       	rjmp	.+30     	; 0x1402 <display+0x44c>
    13e4:	80 e9       	ldi	r24, 0x90	; 144
    13e6:	91 e0       	ldi	r25, 0x01	; 1
    13e8:	9c af       	std	Y+60, r25	; 0x3c
    13ea:	8b af       	std	Y+59, r24	; 0x3b
    13ec:	8b ad       	ldd	r24, Y+59	; 0x3b
    13ee:	9c ad       	ldd	r25, Y+60	; 0x3c
    13f0:	01 97       	sbiw	r24, 0x01	; 1
    13f2:	f1 f7       	brne	.-4      	; 0x13f0 <display+0x43a>
    13f4:	9c af       	std	Y+60, r25	; 0x3c
    13f6:	8b af       	std	Y+59, r24	; 0x3b
		while(__ticks)
		{
			// wait 1/10 ms
			_delay_loop_2(((F_CPU) / 4e3) / 10);
			__ticks --;
    13f8:	8d ad       	ldd	r24, Y+61	; 0x3d
    13fa:	9e ad       	ldd	r25, Y+62	; 0x3e
    13fc:	01 97       	sbiw	r24, 0x01	; 1
    13fe:	9e af       	std	Y+62, r25	; 0x3e
    1400:	8d af       	std	Y+61, r24	; 0x3d
		__ticks = 1;
	else if (__tmp > 65535)
	{
		//	__ticks = requested delay in 1/10 ms
		__ticks = (uint16_t) (__ms * 10.0);
		while(__ticks)
    1402:	8d ad       	ldd	r24, Y+61	; 0x3d
    1404:	9e ad       	ldd	r25, Y+62	; 0x3e
    1406:	00 97       	sbiw	r24, 0x00	; 0
    1408:	69 f7       	brne	.-38     	; 0x13e4 <display+0x42e>
    140a:	16 c0       	rjmp	.+44     	; 0x1438 <display+0x482>
			__ticks --;
		}
		return;
	}
	else
		__ticks = (uint16_t)__tmp;
    140c:	fe 01       	movw	r30, r28
    140e:	ff 96       	adiw	r30, 0x3f	; 63
    1410:	60 81       	ld	r22, Z
    1412:	71 81       	ldd	r23, Z+1	; 0x01
    1414:	82 81       	ldd	r24, Z+2	; 0x02
    1416:	93 81       	ldd	r25, Z+3	; 0x03
    1418:	0e 94 49 00 	call	0x92	; 0x92 <__fixunssfsi>
    141c:	dc 01       	movw	r26, r24
    141e:	cb 01       	movw	r24, r22
    1420:	9e af       	std	Y+62, r25	; 0x3e
    1422:	8d af       	std	Y+61, r24	; 0x3d
    1424:	8d ad       	ldd	r24, Y+61	; 0x3d
    1426:	9e ad       	ldd	r25, Y+62	; 0x3e
    1428:	9a af       	std	Y+58, r25	; 0x3a
    142a:	89 af       	std	Y+57, r24	; 0x39
    142c:	89 ad       	ldd	r24, Y+57	; 0x39
    142e:	9a ad       	ldd	r25, Y+58	; 0x3a
    1430:	01 97       	sbiw	r24, 0x01	; 1
    1432:	f1 f7       	brne	.-4      	; 0x1430 <display+0x47a>
    1434:	9a af       	std	Y+58, r25	; 0x3a
    1436:	89 af       	std	Y+57, r24	; 0x39
    _delay_ms(2);

    // Display least significant digit of minutes
    PORTA = 0;  // Clear all bits in PORTA
    1438:	eb e3       	ldi	r30, 0x3B	; 59
    143a:	f0 e0       	ldi	r31, 0x00	; 0
    143c:	10 82       	st	Z, r1
    PORTA |= (1 << 3);  // Set bit 3
    143e:	ab e3       	ldi	r26, 0x3B	; 59
    1440:	b0 e0       	ldi	r27, 0x00	; 0
    1442:	eb e3       	ldi	r30, 0x3B	; 59
    1444:	f0 e0       	ldi	r31, 0x00	; 0
    1446:	80 81       	ld	r24, Z
    1448:	88 60       	ori	r24, 0x08	; 8
    144a:	8c 93       	st	X, r24
    PORTC = (PORTC & 0xF0) | (least_min & 0x0F);
    144c:	a5 e3       	ldi	r26, 0x35	; 53
    144e:	b0 e0       	ldi	r27, 0x00	; 0
    1450:	e5 e3       	ldi	r30, 0x35	; 53
    1452:	f0 e0       	ldi	r31, 0x00	; 0
    1454:	80 81       	ld	r24, Z
    1456:	98 2f       	mov	r25, r24
    1458:	90 7f       	andi	r25, 0xF0	; 240
    145a:	fe 01       	movw	r30, r28
    145c:	eb 59       	subi	r30, 0x9B	; 155
    145e:	ff 4f       	sbci	r31, 0xFF	; 255
    1460:	80 81       	ld	r24, Z
    1462:	8f 70       	andi	r24, 0x0F	; 15
    1464:	89 2b       	or	r24, r25
    1466:	8c 93       	st	X, r24
    1468:	80 e0       	ldi	r24, 0x00	; 0
    146a:	90 e0       	ldi	r25, 0x00	; 0
    146c:	a0 e0       	ldi	r26, 0x00	; 0
    146e:	b0 e4       	ldi	r27, 0x40	; 64
    1470:	8d ab       	std	Y+53, r24	; 0x35
    1472:	9e ab       	std	Y+54, r25	; 0x36
    1474:	af ab       	std	Y+55, r26	; 0x37
    1476:	b8 af       	std	Y+56, r27	; 0x38
 */
void
_delay_ms(double __ms)
{
	uint16_t __ticks;
	double __tmp = ((F_CPU) / 4e3) * __ms;
    1478:	6d a9       	ldd	r22, Y+53	; 0x35
    147a:	7e a9       	ldd	r23, Y+54	; 0x36
    147c:	8f a9       	ldd	r24, Y+55	; 0x37
    147e:	98 ad       	ldd	r25, Y+56	; 0x38
    1480:	20 e0       	ldi	r18, 0x00	; 0
    1482:	30 e0       	ldi	r19, 0x00	; 0
    1484:	4a e7       	ldi	r20, 0x7A	; 122
    1486:	55 e4       	ldi	r21, 0x45	; 69
    1488:	0e 94 1f 02 	call	0x43e	; 0x43e <__mulsf3>
    148c:	dc 01       	movw	r26, r24
    148e:	cb 01       	movw	r24, r22
    1490:	89 ab       	std	Y+49, r24	; 0x31
    1492:	9a ab       	std	Y+50, r25	; 0x32
    1494:	ab ab       	std	Y+51, r26	; 0x33
    1496:	bc ab       	std	Y+52, r27	; 0x34
	if (__tmp < 1.0)
    1498:	69 a9       	ldd	r22, Y+49	; 0x31
    149a:	7a a9       	ldd	r23, Y+50	; 0x32
    149c:	8b a9       	ldd	r24, Y+51	; 0x33
    149e:	9c a9       	ldd	r25, Y+52	; 0x34
    14a0:	20 e0       	ldi	r18, 0x00	; 0
    14a2:	30 e0       	ldi	r19, 0x00	; 0
    14a4:	40 e8       	ldi	r20, 0x80	; 128
    14a6:	5f e3       	ldi	r21, 0x3F	; 63
    14a8:	0e 94 79 03 	call	0x6f2	; 0x6f2 <__ltsf2>
    14ac:	88 23       	and	r24, r24
    14ae:	2c f4       	brge	.+10     	; 0x14ba <display+0x504>
		__ticks = 1;
    14b0:	81 e0       	ldi	r24, 0x01	; 1
    14b2:	90 e0       	ldi	r25, 0x00	; 0
    14b4:	98 ab       	std	Y+48, r25	; 0x30
    14b6:	8f a7       	std	Y+47, r24	; 0x2f
    14b8:	3f c0       	rjmp	.+126    	; 0x1538 <display+0x582>
	else if (__tmp > 65535)
    14ba:	69 a9       	ldd	r22, Y+49	; 0x31
    14bc:	7a a9       	ldd	r23, Y+50	; 0x32
    14be:	8b a9       	ldd	r24, Y+51	; 0x33
    14c0:	9c a9       	ldd	r25, Y+52	; 0x34
    14c2:	20 e0       	ldi	r18, 0x00	; 0
    14c4:	3f ef       	ldi	r19, 0xFF	; 255
    14c6:	4f e7       	ldi	r20, 0x7F	; 127
    14c8:	57 e4       	ldi	r21, 0x47	; 71
    14ca:	0e 94 19 03 	call	0x632	; 0x632 <__gtsf2>
    14ce:	18 16       	cp	r1, r24
    14d0:	4c f5       	brge	.+82     	; 0x1524 <display+0x56e>
	{
		//	__ticks = requested delay in 1/10 ms
		__ticks = (uint16_t) (__ms * 10.0);
    14d2:	6d a9       	ldd	r22, Y+53	; 0x35
    14d4:	7e a9       	ldd	r23, Y+54	; 0x36
    14d6:	8f a9       	ldd	r24, Y+55	; 0x37
    14d8:	98 ad       	ldd	r25, Y+56	; 0x38
    14da:	20 e0       	ldi	r18, 0x00	; 0
    14dc:	30 e0       	ldi	r19, 0x00	; 0
    14de:	40 e2       	ldi	r20, 0x20	; 32
    14e0:	51 e4       	ldi	r21, 0x41	; 65
    14e2:	0e 94 1f 02 	call	0x43e	; 0x43e <__mulsf3>
    14e6:	dc 01       	movw	r26, r24
    14e8:	cb 01       	movw	r24, r22
    14ea:	bc 01       	movw	r22, r24
    14ec:	cd 01       	movw	r24, r26
    14ee:	0e 94 49 00 	call	0x92	; 0x92 <__fixunssfsi>
    14f2:	dc 01       	movw	r26, r24
    14f4:	cb 01       	movw	r24, r22
    14f6:	98 ab       	std	Y+48, r25	; 0x30
    14f8:	8f a7       	std	Y+47, r24	; 0x2f
    14fa:	0f c0       	rjmp	.+30     	; 0x151a <display+0x564>
    14fc:	80 e9       	ldi	r24, 0x90	; 144
    14fe:	91 e0       	ldi	r25, 0x01	; 1
    1500:	9e a7       	std	Y+46, r25	; 0x2e
    1502:	8d a7       	std	Y+45, r24	; 0x2d
    1504:	8d a5       	ldd	r24, Y+45	; 0x2d
    1506:	9e a5       	ldd	r25, Y+46	; 0x2e
    1508:	01 97       	sbiw	r24, 0x01	; 1
    150a:	f1 f7       	brne	.-4      	; 0x1508 <display+0x552>
    150c:	9e a7       	std	Y+46, r25	; 0x2e
    150e:	8d a7       	std	Y+45, r24	; 0x2d
		while(__ticks)
		{
			// wait 1/10 ms
			_delay_loop_2(((F_CPU) / 4e3) / 10);
			__ticks --;
    1510:	8f a5       	ldd	r24, Y+47	; 0x2f
    1512:	98 a9       	ldd	r25, Y+48	; 0x30
    1514:	01 97       	sbiw	r24, 0x01	; 1
    1516:	98 ab       	std	Y+48, r25	; 0x30
    1518:	8f a7       	std	Y+47, r24	; 0x2f
		__ticks = 1;
	else if (__tmp > 65535)
	{
		//	__ticks = requested delay in 1/10 ms
		__ticks = (uint16_t) (__ms * 10.0);
		while(__ticks)
    151a:	8f a5       	ldd	r24, Y+47	; 0x2f
    151c:	98 a9       	ldd	r25, Y+48	; 0x30
    151e:	00 97       	sbiw	r24, 0x00	; 0
    1520:	69 f7       	brne	.-38     	; 0x14fc <display+0x546>
    1522:	14 c0       	rjmp	.+40     	; 0x154c <display+0x596>
			__ticks --;
		}
		return;
	}
	else
		__ticks = (uint16_t)__tmp;
    1524:	69 a9       	ldd	r22, Y+49	; 0x31
    1526:	7a a9       	ldd	r23, Y+50	; 0x32
    1528:	8b a9       	ldd	r24, Y+51	; 0x33
    152a:	9c a9       	ldd	r25, Y+52	; 0x34
    152c:	0e 94 49 00 	call	0x92	; 0x92 <__fixunssfsi>
    1530:	dc 01       	movw	r26, r24
    1532:	cb 01       	movw	r24, r22
    1534:	98 ab       	std	Y+48, r25	; 0x30
    1536:	8f a7       	std	Y+47, r24	; 0x2f
    1538:	8f a5       	ldd	r24, Y+47	; 0x2f
    153a:	98 a9       	ldd	r25, Y+48	; 0x30
    153c:	9c a7       	std	Y+44, r25	; 0x2c
    153e:	8b a7       	std	Y+43, r24	; 0x2b
    1540:	8b a5       	ldd	r24, Y+43	; 0x2b
    1542:	9c a5       	ldd	r25, Y+44	; 0x2c
    1544:	01 97       	sbiw	r24, 0x01	; 1
    1546:	f1 f7       	brne	.-4      	; 0x1544 <display+0x58e>
    1548:	9c a7       	std	Y+44, r25	; 0x2c
    154a:	8b a7       	std	Y+43, r24	; 0x2b
    _delay_ms(2);

    // Display most significant digit of minutes
    PORTA = 0;  // Clear all bits in PORTA
    154c:	eb e3       	ldi	r30, 0x3B	; 59
    154e:	f0 e0       	ldi	r31, 0x00	; 0
    1550:	10 82       	st	Z, r1
    PORTA |= (1 << 2);  // Set bit 2
    1552:	ab e3       	ldi	r26, 0x3B	; 59
    1554:	b0 e0       	ldi	r27, 0x00	; 0
    1556:	eb e3       	ldi	r30, 0x3B	; 59
    1558:	f0 e0       	ldi	r31, 0x00	; 0
    155a:	80 81       	ld	r24, Z
    155c:	84 60       	ori	r24, 0x04	; 4
    155e:	8c 93       	st	X, r24
    PORTC = (PORTC & 0xF0) | (most_min & 0x0F);
    1560:	a5 e3       	ldi	r26, 0x35	; 53
    1562:	b0 e0       	ldi	r27, 0x00	; 0
    1564:	e5 e3       	ldi	r30, 0x35	; 53
    1566:	f0 e0       	ldi	r31, 0x00	; 0
    1568:	80 81       	ld	r24, Z
    156a:	98 2f       	mov	r25, r24
    156c:	90 7f       	andi	r25, 0xF0	; 240
    156e:	fe 01       	movw	r30, r28
    1570:	ea 59       	subi	r30, 0x9A	; 154
    1572:	ff 4f       	sbci	r31, 0xFF	; 255
    1574:	80 81       	ld	r24, Z
    1576:	8f 70       	andi	r24, 0x0F	; 15
    1578:	89 2b       	or	r24, r25
    157a:	8c 93       	st	X, r24
    157c:	80 e0       	ldi	r24, 0x00	; 0
    157e:	90 e0       	ldi	r25, 0x00	; 0
    1580:	a0 e0       	ldi	r26, 0x00	; 0
    1582:	b0 e4       	ldi	r27, 0x40	; 64
    1584:	8f a3       	std	Y+39, r24	; 0x27
    1586:	98 a7       	std	Y+40, r25	; 0x28
    1588:	a9 a7       	std	Y+41, r26	; 0x29
    158a:	ba a7       	std	Y+42, r27	; 0x2a
 */
void
_delay_ms(double __ms)
{
	uint16_t __ticks;
	double __tmp = ((F_CPU) / 4e3) * __ms;
    158c:	6f a1       	ldd	r22, Y+39	; 0x27
    158e:	78 a5       	ldd	r23, Y+40	; 0x28
    1590:	89 a5       	ldd	r24, Y+41	; 0x29
    1592:	9a a5       	ldd	r25, Y+42	; 0x2a
    1594:	20 e0       	ldi	r18, 0x00	; 0
    1596:	30 e0       	ldi	r19, 0x00	; 0
    1598:	4a e7       	ldi	r20, 0x7A	; 122
    159a:	55 e4       	ldi	r21, 0x45	; 69
    159c:	0e 94 1f 02 	call	0x43e	; 0x43e <__mulsf3>
    15a0:	dc 01       	movw	r26, r24
    15a2:	cb 01       	movw	r24, r22
    15a4:	8b a3       	std	Y+35, r24	; 0x23
    15a6:	9c a3       	std	Y+36, r25	; 0x24
    15a8:	ad a3       	std	Y+37, r26	; 0x25
    15aa:	be a3       	std	Y+38, r27	; 0x26
	if (__tmp < 1.0)
    15ac:	6b a1       	ldd	r22, Y+35	; 0x23
    15ae:	7c a1       	ldd	r23, Y+36	; 0x24
    15b0:	8d a1       	ldd	r24, Y+37	; 0x25
    15b2:	9e a1       	ldd	r25, Y+38	; 0x26
    15b4:	20 e0       	ldi	r18, 0x00	; 0
    15b6:	30 e0       	ldi	r19, 0x00	; 0
    15b8:	40 e8       	ldi	r20, 0x80	; 128
    15ba:	5f e3       	ldi	r21, 0x3F	; 63
    15bc:	0e 94 79 03 	call	0x6f2	; 0x6f2 <__ltsf2>
    15c0:	88 23       	and	r24, r24
    15c2:	2c f4       	brge	.+10     	; 0x15ce <display+0x618>
		__ticks = 1;
    15c4:	81 e0       	ldi	r24, 0x01	; 1
    15c6:	90 e0       	ldi	r25, 0x00	; 0
    15c8:	9a a3       	std	Y+34, r25	; 0x22
    15ca:	89 a3       	std	Y+33, r24	; 0x21
    15cc:	3f c0       	rjmp	.+126    	; 0x164c <display+0x696>
	else if (__tmp > 65535)
    15ce:	6b a1       	ldd	r22, Y+35	; 0x23
    15d0:	7c a1       	ldd	r23, Y+36	; 0x24
    15d2:	8d a1       	ldd	r24, Y+37	; 0x25
    15d4:	9e a1       	ldd	r25, Y+38	; 0x26
    15d6:	20 e0       	ldi	r18, 0x00	; 0
    15d8:	3f ef       	ldi	r19, 0xFF	; 255
    15da:	4f e7       	ldi	r20, 0x7F	; 127
    15dc:	57 e4       	ldi	r21, 0x47	; 71
    15de:	0e 94 19 03 	call	0x632	; 0x632 <__gtsf2>
    15e2:	18 16       	cp	r1, r24
    15e4:	4c f5       	brge	.+82     	; 0x1638 <display+0x682>
	{
		//	__ticks = requested delay in 1/10 ms
		__ticks = (uint16_t) (__ms * 10.0);
    15e6:	6f a1       	ldd	r22, Y+39	; 0x27
    15e8:	78 a5       	ldd	r23, Y+40	; 0x28
    15ea:	89 a5       	ldd	r24, Y+41	; 0x29
    15ec:	9a a5       	ldd	r25, Y+42	; 0x2a
    15ee:	20 e0       	ldi	r18, 0x00	; 0
    15f0:	30 e0       	ldi	r19, 0x00	; 0
    15f2:	40 e2       	ldi	r20, 0x20	; 32
    15f4:	51 e4       	ldi	r21, 0x41	; 65
    15f6:	0e 94 1f 02 	call	0x43e	; 0x43e <__mulsf3>
    15fa:	dc 01       	movw	r26, r24
    15fc:	cb 01       	movw	r24, r22
    15fe:	bc 01       	movw	r22, r24
    1600:	cd 01       	movw	r24, r26
    1602:	0e 94 49 00 	call	0x92	; 0x92 <__fixunssfsi>
    1606:	dc 01       	movw	r26, r24
    1608:	cb 01       	movw	r24, r22
    160a:	9a a3       	std	Y+34, r25	; 0x22
    160c:	89 a3       	std	Y+33, r24	; 0x21
    160e:	0f c0       	rjmp	.+30     	; 0x162e <display+0x678>
    1610:	80 e9       	ldi	r24, 0x90	; 144
    1612:	91 e0       	ldi	r25, 0x01	; 1
    1614:	98 a3       	std	Y+32, r25	; 0x20
    1616:	8f 8f       	std	Y+31, r24	; 0x1f
    1618:	8f 8d       	ldd	r24, Y+31	; 0x1f
    161a:	98 a1       	ldd	r25, Y+32	; 0x20
    161c:	01 97       	sbiw	r24, 0x01	; 1
    161e:	f1 f7       	brne	.-4      	; 0x161c <display+0x666>
    1620:	98 a3       	std	Y+32, r25	; 0x20
    1622:	8f 8f       	std	Y+31, r24	; 0x1f
		while(__ticks)
		{
			// wait 1/10 ms
			_delay_loop_2(((F_CPU) / 4e3) / 10);
			__ticks --;
    1624:	89 a1       	ldd	r24, Y+33	; 0x21
    1626:	9a a1       	ldd	r25, Y+34	; 0x22
    1628:	01 97       	sbiw	r24, 0x01	; 1
    162a:	9a a3       	std	Y+34, r25	; 0x22
    162c:	89 a3       	std	Y+33, r24	; 0x21
		__ticks = 1;
	else if (__tmp > 65535)
	{
		//	__ticks = requested delay in 1/10 ms
		__ticks = (uint16_t) (__ms * 10.0);
		while(__ticks)
    162e:	89 a1       	ldd	r24, Y+33	; 0x21
    1630:	9a a1       	ldd	r25, Y+34	; 0x22
    1632:	00 97       	sbiw	r24, 0x00	; 0
    1634:	69 f7       	brne	.-38     	; 0x1610 <display+0x65a>
    1636:	14 c0       	rjmp	.+40     	; 0x1660 <display+0x6aa>
			__ticks --;
		}
		return;
	}
	else
		__ticks = (uint16_t)__tmp;
    1638:	6b a1       	ldd	r22, Y+35	; 0x23
    163a:	7c a1       	ldd	r23, Y+36	; 0x24
    163c:	8d a1       	ldd	r24, Y+37	; 0x25
    163e:	9e a1       	ldd	r25, Y+38	; 0x26
    1640:	0e 94 49 00 	call	0x92	; 0x92 <__fixunssfsi>
    1644:	dc 01       	movw	r26, r24
    1646:	cb 01       	movw	r24, r22
    1648:	9a a3       	std	Y+34, r25	; 0x22
    164a:	89 a3       	std	Y+33, r24	; 0x21
    164c:	89 a1       	ldd	r24, Y+33	; 0x21
    164e:	9a a1       	ldd	r25, Y+34	; 0x22
    1650:	9e 8f       	std	Y+30, r25	; 0x1e
    1652:	8d 8f       	std	Y+29, r24	; 0x1d
    1654:	8d 8d       	ldd	r24, Y+29	; 0x1d
    1656:	9e 8d       	ldd	r25, Y+30	; 0x1e
    1658:	01 97       	sbiw	r24, 0x01	; 1
    165a:	f1 f7       	brne	.-4      	; 0x1658 <display+0x6a2>
    165c:	9e 8f       	std	Y+30, r25	; 0x1e
    165e:	8d 8f       	std	Y+29, r24	; 0x1d
    _delay_ms(2);

    // Display least significant digit of hours
    PORTA = 0;  // Clear all bits in PORTA
    1660:	eb e3       	ldi	r30, 0x3B	; 59
    1662:	f0 e0       	ldi	r31, 0x00	; 0
    1664:	10 82       	st	Z, r1
    PORTA |= (1 << 1);  // Set bit 1
    1666:	ab e3       	ldi	r26, 0x3B	; 59
    1668:	b0 e0       	ldi	r27, 0x00	; 0
    166a:	eb e3       	ldi	r30, 0x3B	; 59
    166c:	f0 e0       	ldi	r31, 0x00	; 0
    166e:	80 81       	ld	r24, Z
    1670:	82 60       	ori	r24, 0x02	; 2
    1672:	8c 93       	st	X, r24
    PORTC = (PORTC & 0xF0) | (least_hr & 0x0F);
    1674:	a5 e3       	ldi	r26, 0x35	; 53
    1676:	b0 e0       	ldi	r27, 0x00	; 0
    1678:	e5 e3       	ldi	r30, 0x35	; 53
    167a:	f0 e0       	ldi	r31, 0x00	; 0
    167c:	80 81       	ld	r24, Z
    167e:	98 2f       	mov	r25, r24
    1680:	90 7f       	andi	r25, 0xF0	; 240
    1682:	fe 01       	movw	r30, r28
    1684:	e9 59       	subi	r30, 0x99	; 153
    1686:	ff 4f       	sbci	r31, 0xFF	; 255
    1688:	80 81       	ld	r24, Z
    168a:	8f 70       	andi	r24, 0x0F	; 15
    168c:	89 2b       	or	r24, r25
    168e:	8c 93       	st	X, r24
    1690:	80 e0       	ldi	r24, 0x00	; 0
    1692:	90 e0       	ldi	r25, 0x00	; 0
    1694:	a0 e0       	ldi	r26, 0x00	; 0
    1696:	b0 e4       	ldi	r27, 0x40	; 64
    1698:	89 8f       	std	Y+25, r24	; 0x19
    169a:	9a 8f       	std	Y+26, r25	; 0x1a
    169c:	ab 8f       	std	Y+27, r26	; 0x1b
    169e:	bc 8f       	std	Y+28, r27	; 0x1c
 */
void
_delay_ms(double __ms)
{
	uint16_t __ticks;
	double __tmp = ((F_CPU) / 4e3) * __ms;
    16a0:	69 8d       	ldd	r22, Y+25	; 0x19
    16a2:	7a 8d       	ldd	r23, Y+26	; 0x1a
    16a4:	8b 8d       	ldd	r24, Y+27	; 0x1b
    16a6:	9c 8d       	ldd	r25, Y+28	; 0x1c
    16a8:	20 e0       	ldi	r18, 0x00	; 0
    16aa:	30 e0       	ldi	r19, 0x00	; 0
    16ac:	4a e7       	ldi	r20, 0x7A	; 122
    16ae:	55 e4       	ldi	r21, 0x45	; 69
    16b0:	0e 94 1f 02 	call	0x43e	; 0x43e <__mulsf3>
    16b4:	dc 01       	movw	r26, r24
    16b6:	cb 01       	movw	r24, r22
    16b8:	8d 8b       	std	Y+21, r24	; 0x15
    16ba:	9e 8b       	std	Y+22, r25	; 0x16
    16bc:	af 8b       	std	Y+23, r26	; 0x17
    16be:	b8 8f       	std	Y+24, r27	; 0x18
	if (__tmp < 1.0)
    16c0:	6d 89       	ldd	r22, Y+21	; 0x15
    16c2:	7e 89       	ldd	r23, Y+22	; 0x16
    16c4:	8f 89       	ldd	r24, Y+23	; 0x17
    16c6:	98 8d       	ldd	r25, Y+24	; 0x18
    16c8:	20 e0       	ldi	r18, 0x00	; 0
    16ca:	30 e0       	ldi	r19, 0x00	; 0
    16cc:	40 e8       	ldi	r20, 0x80	; 128
    16ce:	5f e3       	ldi	r21, 0x3F	; 63
    16d0:	0e 94 79 03 	call	0x6f2	; 0x6f2 <__ltsf2>
    16d4:	88 23       	and	r24, r24
    16d6:	2c f4       	brge	.+10     	; 0x16e2 <display+0x72c>
		__ticks = 1;
    16d8:	81 e0       	ldi	r24, 0x01	; 1
    16da:	90 e0       	ldi	r25, 0x00	; 0
    16dc:	9c 8b       	std	Y+20, r25	; 0x14
    16de:	8b 8b       	std	Y+19, r24	; 0x13
    16e0:	3f c0       	rjmp	.+126    	; 0x1760 <display+0x7aa>
	else if (__tmp > 65535)
    16e2:	6d 89       	ldd	r22, Y+21	; 0x15
    16e4:	7e 89       	ldd	r23, Y+22	; 0x16
    16e6:	8f 89       	ldd	r24, Y+23	; 0x17
    16e8:	98 8d       	ldd	r25, Y+24	; 0x18
    16ea:	20 e0       	ldi	r18, 0x00	; 0
    16ec:	3f ef       	ldi	r19, 0xFF	; 255
    16ee:	4f e7       	ldi	r20, 0x7F	; 127
    16f0:	57 e4       	ldi	r21, 0x47	; 71
    16f2:	0e 94 19 03 	call	0x632	; 0x632 <__gtsf2>
    16f6:	18 16       	cp	r1, r24
    16f8:	4c f5       	brge	.+82     	; 0x174c <display+0x796>
	{
		//	__ticks = requested delay in 1/10 ms
		__ticks = (uint16_t) (__ms * 10.0);
    16fa:	69 8d       	ldd	r22, Y+25	; 0x19
    16fc:	7a 8d       	ldd	r23, Y+26	; 0x1a
    16fe:	8b 8d       	ldd	r24, Y+27	; 0x1b
    1700:	9c 8d       	ldd	r25, Y+28	; 0x1c
    1702:	20 e0       	ldi	r18, 0x00	; 0
    1704:	30 e0       	ldi	r19, 0x00	; 0
    1706:	40 e2       	ldi	r20, 0x20	; 32
    1708:	51 e4       	ldi	r21, 0x41	; 65
    170a:	0e 94 1f 02 	call	0x43e	; 0x43e <__mulsf3>
    170e:	dc 01       	movw	r26, r24
    1710:	cb 01       	movw	r24, r22
    1712:	bc 01       	movw	r22, r24
    1714:	cd 01       	movw	r24, r26
    1716:	0e 94 49 00 	call	0x92	; 0x92 <__fixunssfsi>
    171a:	dc 01       	movw	r26, r24
    171c:	cb 01       	movw	r24, r22
    171e:	9c 8b       	std	Y+20, r25	; 0x14
    1720:	8b 8b       	std	Y+19, r24	; 0x13
    1722:	0f c0       	rjmp	.+30     	; 0x1742 <display+0x78c>
    1724:	80 e9       	ldi	r24, 0x90	; 144
    1726:	91 e0       	ldi	r25, 0x01	; 1
    1728:	9a 8b       	std	Y+18, r25	; 0x12
    172a:	89 8b       	std	Y+17, r24	; 0x11
    172c:	89 89       	ldd	r24, Y+17	; 0x11
    172e:	9a 89       	ldd	r25, Y+18	; 0x12
    1730:	01 97       	sbiw	r24, 0x01	; 1
    1732:	f1 f7       	brne	.-4      	; 0x1730 <display+0x77a>
    1734:	9a 8b       	std	Y+18, r25	; 0x12
    1736:	89 8b       	std	Y+17, r24	; 0x11
		while(__ticks)
		{
			// wait 1/10 ms
			_delay_loop_2(((F_CPU) / 4e3) / 10);
			__ticks --;
    1738:	8b 89       	ldd	r24, Y+19	; 0x13
    173a:	9c 89       	ldd	r25, Y+20	; 0x14
    173c:	01 97       	sbiw	r24, 0x01	; 1
    173e:	9c 8b       	std	Y+20, r25	; 0x14
    1740:	8b 8b       	std	Y+19, r24	; 0x13
		__ticks = 1;
	else if (__tmp > 65535)
	{
		//	__ticks = requested delay in 1/10 ms
		__ticks = (uint16_t) (__ms * 10.0);
		while(__ticks)
    1742:	8b 89       	ldd	r24, Y+19	; 0x13
    1744:	9c 89       	ldd	r25, Y+20	; 0x14
    1746:	00 97       	sbiw	r24, 0x00	; 0
    1748:	69 f7       	brne	.-38     	; 0x1724 <display+0x76e>
    174a:	14 c0       	rjmp	.+40     	; 0x1774 <display+0x7be>
			__ticks --;
		}
		return;
	}
	else
		__ticks = (uint16_t)__tmp;
    174c:	6d 89       	ldd	r22, Y+21	; 0x15
    174e:	7e 89       	ldd	r23, Y+22	; 0x16
    1750:	8f 89       	ldd	r24, Y+23	; 0x17
    1752:	98 8d       	ldd	r25, Y+24	; 0x18
    1754:	0e 94 49 00 	call	0x92	; 0x92 <__fixunssfsi>
    1758:	dc 01       	movw	r26, r24
    175a:	cb 01       	movw	r24, r22
    175c:	9c 8b       	std	Y+20, r25	; 0x14
    175e:	8b 8b       	std	Y+19, r24	; 0x13
    1760:	8b 89       	ldd	r24, Y+19	; 0x13
    1762:	9c 89       	ldd	r25, Y+20	; 0x14
    1764:	98 8b       	std	Y+16, r25	; 0x10
    1766:	8f 87       	std	Y+15, r24	; 0x0f
    1768:	8f 85       	ldd	r24, Y+15	; 0x0f
    176a:	98 89       	ldd	r25, Y+16	; 0x10
    176c:	01 97       	sbiw	r24, 0x01	; 1
    176e:	f1 f7       	brne	.-4      	; 0x176c <display+0x7b6>
    1770:	98 8b       	std	Y+16, r25	; 0x10
    1772:	8f 87       	std	Y+15, r24	; 0x0f
    _delay_ms(2);

    // Display most significant digit of hours
    PORTA = 0;  // Clear all bits in PORTA
    1774:	eb e3       	ldi	r30, 0x3B	; 59
    1776:	f0 e0       	ldi	r31, 0x00	; 0
    1778:	10 82       	st	Z, r1
    PORTA |= (1 << 0);  // Set bit 0
    177a:	ab e3       	ldi	r26, 0x3B	; 59
    177c:	b0 e0       	ldi	r27, 0x00	; 0
    177e:	eb e3       	ldi	r30, 0x3B	; 59
    1780:	f0 e0       	ldi	r31, 0x00	; 0
    1782:	80 81       	ld	r24, Z
    1784:	81 60       	ori	r24, 0x01	; 1
    1786:	8c 93       	st	X, r24
    PORTC = (PORTC & 0xF0) | (most_hr & 0x0F);
    1788:	a5 e3       	ldi	r26, 0x35	; 53
    178a:	b0 e0       	ldi	r27, 0x00	; 0
    178c:	e5 e3       	ldi	r30, 0x35	; 53
    178e:	f0 e0       	ldi	r31, 0x00	; 0
    1790:	80 81       	ld	r24, Z
    1792:	98 2f       	mov	r25, r24
    1794:	90 7f       	andi	r25, 0xF0	; 240
    1796:	fe 01       	movw	r30, r28
    1798:	e8 59       	subi	r30, 0x98	; 152
    179a:	ff 4f       	sbci	r31, 0xFF	; 255
    179c:	80 81       	ld	r24, Z
    179e:	8f 70       	andi	r24, 0x0F	; 15
    17a0:	89 2b       	or	r24, r25
    17a2:	8c 93       	st	X, r24
    17a4:	80 e0       	ldi	r24, 0x00	; 0
    17a6:	90 e0       	ldi	r25, 0x00	; 0
    17a8:	a0 e0       	ldi	r26, 0x00	; 0
    17aa:	b0 e4       	ldi	r27, 0x40	; 64
    17ac:	8b 87       	std	Y+11, r24	; 0x0b
    17ae:	9c 87       	std	Y+12, r25	; 0x0c
    17b0:	ad 87       	std	Y+13, r26	; 0x0d
    17b2:	be 87       	std	Y+14, r27	; 0x0e
 */
void
_delay_ms(double __ms)
{
	uint16_t __ticks;
	double __tmp = ((F_CPU) / 4e3) * __ms;
    17b4:	6b 85       	ldd	r22, Y+11	; 0x0b
    17b6:	7c 85       	ldd	r23, Y+12	; 0x0c
    17b8:	8d 85       	ldd	r24, Y+13	; 0x0d
    17ba:	9e 85       	ldd	r25, Y+14	; 0x0e
    17bc:	20 e0       	ldi	r18, 0x00	; 0
    17be:	30 e0       	ldi	r19, 0x00	; 0
    17c0:	4a e7       	ldi	r20, 0x7A	; 122
    17c2:	55 e4       	ldi	r21, 0x45	; 69
    17c4:	0e 94 1f 02 	call	0x43e	; 0x43e <__mulsf3>
    17c8:	dc 01       	movw	r26, r24
    17ca:	cb 01       	movw	r24, r22
    17cc:	8f 83       	std	Y+7, r24	; 0x07
    17ce:	98 87       	std	Y+8, r25	; 0x08
    17d0:	a9 87       	std	Y+9, r26	; 0x09
    17d2:	ba 87       	std	Y+10, r27	; 0x0a
	if (__tmp < 1.0)
    17d4:	6f 81       	ldd	r22, Y+7	; 0x07
    17d6:	78 85       	ldd	r23, Y+8	; 0x08
    17d8:	89 85       	ldd	r24, Y+9	; 0x09
    17da:	9a 85       	ldd	r25, Y+10	; 0x0a
    17dc:	20 e0       	ldi	r18, 0x00	; 0
    17de:	30 e0       	ldi	r19, 0x00	; 0
    17e0:	40 e8       	ldi	r20, 0x80	; 128
    17e2:	5f e3       	ldi	r21, 0x3F	; 63
    17e4:	0e 94 79 03 	call	0x6f2	; 0x6f2 <__ltsf2>
    17e8:	88 23       	and	r24, r24
    17ea:	2c f4       	brge	.+10     	; 0x17f6 <display+0x840>
		__ticks = 1;
    17ec:	81 e0       	ldi	r24, 0x01	; 1
    17ee:	90 e0       	ldi	r25, 0x00	; 0
    17f0:	9e 83       	std	Y+6, r25	; 0x06
    17f2:	8d 83       	std	Y+5, r24	; 0x05
    17f4:	3f c0       	rjmp	.+126    	; 0x1874 <display+0x8be>
	else if (__tmp > 65535)
    17f6:	6f 81       	ldd	r22, Y+7	; 0x07
    17f8:	78 85       	ldd	r23, Y+8	; 0x08
    17fa:	89 85       	ldd	r24, Y+9	; 0x09
    17fc:	9a 85       	ldd	r25, Y+10	; 0x0a
    17fe:	20 e0       	ldi	r18, 0x00	; 0
    1800:	3f ef       	ldi	r19, 0xFF	; 255
    1802:	4f e7       	ldi	r20, 0x7F	; 127
    1804:	57 e4       	ldi	r21, 0x47	; 71
    1806:	0e 94 19 03 	call	0x632	; 0x632 <__gtsf2>
    180a:	18 16       	cp	r1, r24
    180c:	4c f5       	brge	.+82     	; 0x1860 <display+0x8aa>
	{
		//	__ticks = requested delay in 1/10 ms
		__ticks = (uint16_t) (__ms * 10.0);
    180e:	6b 85       	ldd	r22, Y+11	; 0x0b
    1810:	7c 85       	ldd	r23, Y+12	; 0x0c
    1812:	8d 85       	ldd	r24, Y+13	; 0x0d
    1814:	9e 85       	ldd	r25, Y+14	; 0x0e
    1816:	20 e0       	ldi	r18, 0x00	; 0
    1818:	30 e0       	ldi	r19, 0x00	; 0
    181a:	40 e2       	ldi	r20, 0x20	; 32
    181c:	51 e4       	ldi	r21, 0x41	; 65
    181e:	0e 94 1f 02 	call	0x43e	; 0x43e <__mulsf3>
    1822:	dc 01       	movw	r26, r24
    1824:	cb 01       	movw	r24, r22
    1826:	bc 01       	movw	r22, r24
    1828:	cd 01       	movw	r24, r26
    182a:	0e 94 49 00 	call	0x92	; 0x92 <__fixunssfsi>
    182e:	dc 01       	movw	r26, r24
    1830:	cb 01       	movw	r24, r22
    1832:	9e 83       	std	Y+6, r25	; 0x06
    1834:	8d 83       	std	Y+5, r24	; 0x05
    1836:	0f c0       	rjmp	.+30     	; 0x1856 <display+0x8a0>
    1838:	80 e9       	ldi	r24, 0x90	; 144
    183a:	91 e0       	ldi	r25, 0x01	; 1
    183c:	9c 83       	std	Y+4, r25	; 0x04
    183e:	8b 83       	std	Y+3, r24	; 0x03
    1840:	8b 81       	ldd	r24, Y+3	; 0x03
    1842:	9c 81       	ldd	r25, Y+4	; 0x04
    1844:	01 97       	sbiw	r24, 0x01	; 1
    1846:	f1 f7       	brne	.-4      	; 0x1844 <display+0x88e>
    1848:	9c 83       	std	Y+4, r25	; 0x04
    184a:	8b 83       	std	Y+3, r24	; 0x03
		while(__ticks)
		{
			// wait 1/10 ms
			_delay_loop_2(((F_CPU) / 4e3) / 10);
			__ticks --;
    184c:	8d 81       	ldd	r24, Y+5	; 0x05
    184e:	9e 81       	ldd	r25, Y+6	; 0x06
    1850:	01 97       	sbiw	r24, 0x01	; 1
    1852:	9e 83       	std	Y+6, r25	; 0x06
    1854:	8d 83       	std	Y+5, r24	; 0x05
		__ticks = 1;
	else if (__tmp > 65535)
	{
		//	__ticks = requested delay in 1/10 ms
		__ticks = (uint16_t) (__ms * 10.0);
		while(__ticks)
    1856:	8d 81       	ldd	r24, Y+5	; 0x05
    1858:	9e 81       	ldd	r25, Y+6	; 0x06
    185a:	00 97       	sbiw	r24, 0x00	; 0
    185c:	69 f7       	brne	.-38     	; 0x1838 <display+0x882>
    185e:	14 c0       	rjmp	.+40     	; 0x1888 <display+0x8d2>
			__ticks --;
		}
		return;
	}
	else
		__ticks = (uint16_t)__tmp;
    1860:	6f 81       	ldd	r22, Y+7	; 0x07
    1862:	78 85       	ldd	r23, Y+8	; 0x08
    1864:	89 85       	ldd	r24, Y+9	; 0x09
    1866:	9a 85       	ldd	r25, Y+10	; 0x0a
    1868:	0e 94 49 00 	call	0x92	; 0x92 <__fixunssfsi>
    186c:	dc 01       	movw	r26, r24
    186e:	cb 01       	movw	r24, r22
    1870:	9e 83       	std	Y+6, r25	; 0x06
    1872:	8d 83       	std	Y+5, r24	; 0x05
    1874:	8d 81       	ldd	r24, Y+5	; 0x05
    1876:	9e 81       	ldd	r25, Y+6	; 0x06
    1878:	9a 83       	std	Y+2, r25	; 0x02
    187a:	89 83       	std	Y+1, r24	; 0x01
    187c:	89 81       	ldd	r24, Y+1	; 0x01
    187e:	9a 81       	ldd	r25, Y+2	; 0x02
    1880:	01 97       	sbiw	r24, 0x01	; 1
    1882:	f1 f7       	brne	.-4      	; 0x1880 <display+0x8ca>
    1884:	9a 83       	std	Y+2, r25	; 0x02
    1886:	89 83       	std	Y+1, r24	; 0x01
    _delay_ms(2);
}
    1888:	c8 59       	subi	r28, 0x98	; 152
    188a:	df 4f       	sbci	r29, 0xFF	; 255
    188c:	0f b6       	in	r0, 0x3f	; 63
    188e:	f8 94       	cli
    1890:	de bf       	out	0x3e, r29	; 62
    1892:	0f be       	out	0x3f, r0	; 63
    1894:	cd bf       	out	0x3d, r28	; 61
    1896:	cf 91       	pop	r28
    1898:	df 91       	pop	r29
    189a:	1f 91       	pop	r17
    189c:	0f 91       	pop	r16
    189e:	ef 90       	pop	r14
    18a0:	08 95       	ret

000018a2 <main>:

int main(void) {
    18a2:	0f 93       	push	r16
    18a4:	1f 93       	push	r17
    18a6:	df 93       	push	r29
    18a8:	cf 93       	push	r28
    18aa:	cd b7       	in	r28, 0x3d	; 61
    18ac:	de b7       	in	r29, 0x3e	; 62
    18ae:	c6 5b       	subi	r28, 0xB6	; 182
    18b0:	d0 40       	sbci	r29, 0x00	; 0
    18b2:	0f b6       	in	r0, 0x3f	; 63
    18b4:	f8 94       	cli
    18b6:	de bf       	out	0x3e, r29	; 62
    18b8:	0f be       	out	0x3f, r0	; 63
    18ba:	cd bf       	out	0x3d, r28	; 61
    SREG |= (1 << 7);  // Global interrupt enable I-BIT
    18bc:	af e5       	ldi	r26, 0x5F	; 95
    18be:	b0 e0       	ldi	r27, 0x00	; 0
    18c0:	ef e5       	ldi	r30, 0x5F	; 95
    18c2:	f0 e0       	ldi	r31, 0x00	; 0
    18c4:	80 81       	ld	r24, Z
    18c6:	80 68       	ori	r24, 0x80	; 128
    18c8:	8c 93       	st	X, r24
    PORTD |= (1 << 4);  // Turn on the red LED (default mode)
    18ca:	a2 e3       	ldi	r26, 0x32	; 50
    18cc:	b0 e0       	ldi	r27, 0x00	; 0
    18ce:	e2 e3       	ldi	r30, 0x32	; 50
    18d0:	f0 e0       	ldi	r31, 0x00	; 0
    18d2:	80 81       	ld	r24, Z
    18d4:	80 61       	ori	r24, 0x10	; 16
    18d6:	8c 93       	st	X, r24
    PORTD &= ~(1 << 5);  // Turn off the yellow LED
    18d8:	a2 e3       	ldi	r26, 0x32	; 50
    18da:	b0 e0       	ldi	r27, 0x00	; 0
    18dc:	e2 e3       	ldi	r30, 0x32	; 50
    18de:	f0 e0       	ldi	r31, 0x00	; 0
    18e0:	80 81       	ld	r24, Z
    18e2:	8f 7d       	andi	r24, 0xDF	; 223
    18e4:	8c 93       	st	X, r24
    IO_Ports_configuration();
    18e6:	0e 94 a3 05 	call	0xb46	; 0xb46 <IO_Ports_configuration>
    Timer1_configuration();
    18ea:	0e 94 f9 05 	call	0xbf2	; 0xbf2 <Timer1_configuration>
    INT0_configuration();
    18ee:	0e 94 20 06 	call	0xc40	; 0xc40 <INT0_configuration>
    INT1_configuration();
    18f2:	0e 94 35 06 	call	0xc6a	; 0xc6a <INT1_configuration>
    INT2_configuration();
    18f6:	0e 94 4a 06 	call	0xc94	; 0xc94 <INT2_configuration>
    operation = 0;
    18fa:	10 92 6e 00 	sts	0x006E, r1

    while (1) {
        PORTC = sec_units;  // Display the seconds
    18fe:	e5 e3       	ldi	r30, 0x35	; 53
    1900:	f0 e0       	ldi	r31, 0x00	; 0
    1902:	80 91 68 00 	lds	r24, 0x0068
    1906:	80 83       	st	Z, r24
        PORTA |= (1 << PA5);  // First digit in seconds
    1908:	ab e3       	ldi	r26, 0x3B	; 59
    190a:	b0 e0       	ldi	r27, 0x00	; 0
    190c:	eb e3       	ldi	r30, 0x3B	; 59
    190e:	f0 e0       	ldi	r31, 0x00	; 0
    1910:	80 81       	ld	r24, Z
    1912:	80 62       	ori	r24, 0x20	; 32
    1914:	8c 93       	st	X, r24
    1916:	fe 01       	movw	r30, r28
    1918:	ed 54       	subi	r30, 0x4D	; 77
    191a:	ff 4f       	sbci	r31, 0xFF	; 255
    191c:	80 e0       	ldi	r24, 0x00	; 0
    191e:	90 e0       	ldi	r25, 0x00	; 0
    1920:	a0 ea       	ldi	r26, 0xA0	; 160
    1922:	b0 e4       	ldi	r27, 0x40	; 64
    1924:	80 83       	st	Z, r24
    1926:	91 83       	std	Z+1, r25	; 0x01
    1928:	a2 83       	std	Z+2, r26	; 0x02
    192a:	b3 83       	std	Z+3, r27	; 0x03
 */
void
_delay_ms(double __ms)
{
	uint16_t __ticks;
	double __tmp = ((F_CPU) / 4e3) * __ms;
    192c:	8e 01       	movw	r16, r28
    192e:	01 55       	subi	r16, 0x51	; 81
    1930:	1f 4f       	sbci	r17, 0xFF	; 255
    1932:	fe 01       	movw	r30, r28
    1934:	ed 54       	subi	r30, 0x4D	; 77
    1936:	ff 4f       	sbci	r31, 0xFF	; 255
    1938:	60 81       	ld	r22, Z
    193a:	71 81       	ldd	r23, Z+1	; 0x01
    193c:	82 81       	ldd	r24, Z+2	; 0x02
    193e:	93 81       	ldd	r25, Z+3	; 0x03
    1940:	20 e0       	ldi	r18, 0x00	; 0
    1942:	30 e0       	ldi	r19, 0x00	; 0
    1944:	4a e7       	ldi	r20, 0x7A	; 122
    1946:	55 e4       	ldi	r21, 0x45	; 69
    1948:	0e 94 1f 02 	call	0x43e	; 0x43e <__mulsf3>
    194c:	dc 01       	movw	r26, r24
    194e:	cb 01       	movw	r24, r22
    1950:	f8 01       	movw	r30, r16
    1952:	80 83       	st	Z, r24
    1954:	91 83       	std	Z+1, r25	; 0x01
    1956:	a2 83       	std	Z+2, r26	; 0x02
    1958:	b3 83       	std	Z+3, r27	; 0x03
	if (__tmp < 1.0)
    195a:	fe 01       	movw	r30, r28
    195c:	e1 55       	subi	r30, 0x51	; 81
    195e:	ff 4f       	sbci	r31, 0xFF	; 255
    1960:	60 81       	ld	r22, Z
    1962:	71 81       	ldd	r23, Z+1	; 0x01
    1964:	82 81       	ldd	r24, Z+2	; 0x02
    1966:	93 81       	ldd	r25, Z+3	; 0x03
    1968:	20 e0       	ldi	r18, 0x00	; 0
    196a:	30 e0       	ldi	r19, 0x00	; 0
    196c:	40 e8       	ldi	r20, 0x80	; 128
    196e:	5f e3       	ldi	r21, 0x3F	; 63
    1970:	0e 94 79 03 	call	0x6f2	; 0x6f2 <__ltsf2>
    1974:	88 23       	and	r24, r24
    1976:	44 f4       	brge	.+16     	; 0x1988 <main+0xe6>
		__ticks = 1;
    1978:	fe 01       	movw	r30, r28
    197a:	e3 55       	subi	r30, 0x53	; 83
    197c:	ff 4f       	sbci	r31, 0xFF	; 255
    197e:	81 e0       	ldi	r24, 0x01	; 1
    1980:	90 e0       	ldi	r25, 0x00	; 0
    1982:	91 83       	std	Z+1, r25	; 0x01
    1984:	80 83       	st	Z, r24
    1986:	64 c0       	rjmp	.+200    	; 0x1a50 <main+0x1ae>
	else if (__tmp > 65535)
    1988:	fe 01       	movw	r30, r28
    198a:	e1 55       	subi	r30, 0x51	; 81
    198c:	ff 4f       	sbci	r31, 0xFF	; 255
    198e:	60 81       	ld	r22, Z
    1990:	71 81       	ldd	r23, Z+1	; 0x01
    1992:	82 81       	ldd	r24, Z+2	; 0x02
    1994:	93 81       	ldd	r25, Z+3	; 0x03
    1996:	20 e0       	ldi	r18, 0x00	; 0
    1998:	3f ef       	ldi	r19, 0xFF	; 255
    199a:	4f e7       	ldi	r20, 0x7F	; 127
    199c:	57 e4       	ldi	r21, 0x47	; 71
    199e:	0e 94 19 03 	call	0x632	; 0x632 <__gtsf2>
    19a2:	18 16       	cp	r1, r24
    19a4:	0c f0       	brlt	.+2      	; 0x19a8 <main+0x106>
    19a6:	43 c0       	rjmp	.+134    	; 0x1a2e <main+0x18c>
	{
		//	__ticks = requested delay in 1/10 ms
		__ticks = (uint16_t) (__ms * 10.0);
    19a8:	fe 01       	movw	r30, r28
    19aa:	ed 54       	subi	r30, 0x4D	; 77
    19ac:	ff 4f       	sbci	r31, 0xFF	; 255
    19ae:	60 81       	ld	r22, Z
    19b0:	71 81       	ldd	r23, Z+1	; 0x01
    19b2:	82 81       	ldd	r24, Z+2	; 0x02
    19b4:	93 81       	ldd	r25, Z+3	; 0x03
    19b6:	20 e0       	ldi	r18, 0x00	; 0
    19b8:	30 e0       	ldi	r19, 0x00	; 0
    19ba:	40 e2       	ldi	r20, 0x20	; 32
    19bc:	51 e4       	ldi	r21, 0x41	; 65
    19be:	0e 94 1f 02 	call	0x43e	; 0x43e <__mulsf3>
    19c2:	dc 01       	movw	r26, r24
    19c4:	cb 01       	movw	r24, r22
    19c6:	8e 01       	movw	r16, r28
    19c8:	03 55       	subi	r16, 0x53	; 83
    19ca:	1f 4f       	sbci	r17, 0xFF	; 255
    19cc:	bc 01       	movw	r22, r24
    19ce:	cd 01       	movw	r24, r26
    19d0:	0e 94 49 00 	call	0x92	; 0x92 <__fixunssfsi>
    19d4:	dc 01       	movw	r26, r24
    19d6:	cb 01       	movw	r24, r22
    19d8:	f8 01       	movw	r30, r16
    19da:	91 83       	std	Z+1, r25	; 0x01
    19dc:	80 83       	st	Z, r24
    19de:	1f c0       	rjmp	.+62     	; 0x1a1e <main+0x17c>
    19e0:	fe 01       	movw	r30, r28
    19e2:	e5 55       	subi	r30, 0x55	; 85
    19e4:	ff 4f       	sbci	r31, 0xFF	; 255
    19e6:	80 e9       	ldi	r24, 0x90	; 144
    19e8:	91 e0       	ldi	r25, 0x01	; 1
    19ea:	91 83       	std	Z+1, r25	; 0x01
    19ec:	80 83       	st	Z, r24
    19ee:	fe 01       	movw	r30, r28
    19f0:	e5 55       	subi	r30, 0x55	; 85
    19f2:	ff 4f       	sbci	r31, 0xFF	; 255
    19f4:	80 81       	ld	r24, Z
    19f6:	91 81       	ldd	r25, Z+1	; 0x01
    19f8:	01 97       	sbiw	r24, 0x01	; 1
    19fa:	f1 f7       	brne	.-4      	; 0x19f8 <main+0x156>
    19fc:	fe 01       	movw	r30, r28
    19fe:	e5 55       	subi	r30, 0x55	; 85
    1a00:	ff 4f       	sbci	r31, 0xFF	; 255
    1a02:	91 83       	std	Z+1, r25	; 0x01
    1a04:	80 83       	st	Z, r24
		while(__ticks)
		{
			// wait 1/10 ms
			_delay_loop_2(((F_CPU) / 4e3) / 10);
			__ticks --;
    1a06:	de 01       	movw	r26, r28
    1a08:	a3 55       	subi	r26, 0x53	; 83
    1a0a:	bf 4f       	sbci	r27, 0xFF	; 255
    1a0c:	fe 01       	movw	r30, r28
    1a0e:	e3 55       	subi	r30, 0x53	; 83
    1a10:	ff 4f       	sbci	r31, 0xFF	; 255
    1a12:	80 81       	ld	r24, Z
    1a14:	91 81       	ldd	r25, Z+1	; 0x01
    1a16:	01 97       	sbiw	r24, 0x01	; 1
    1a18:	11 96       	adiw	r26, 0x01	; 1
    1a1a:	9c 93       	st	X, r25
    1a1c:	8e 93       	st	-X, r24
		__ticks = 1;
	else if (__tmp > 65535)
	{
		//	__ticks = requested delay in 1/10 ms
		__ticks = (uint16_t) (__ms * 10.0);
		while(__ticks)
    1a1e:	fe 01       	movw	r30, r28
    1a20:	e3 55       	subi	r30, 0x53	; 83
    1a22:	ff 4f       	sbci	r31, 0xFF	; 255
    1a24:	80 81       	ld	r24, Z
    1a26:	91 81       	ldd	r25, Z+1	; 0x01
    1a28:	00 97       	sbiw	r24, 0x00	; 0
    1a2a:	d1 f6       	brne	.-76     	; 0x19e0 <main+0x13e>
    1a2c:	27 c0       	rjmp	.+78     	; 0x1a7c <main+0x1da>
			__ticks --;
		}
		return;
	}
	else
		__ticks = (uint16_t)__tmp;
    1a2e:	8e 01       	movw	r16, r28
    1a30:	03 55       	subi	r16, 0x53	; 83
    1a32:	1f 4f       	sbci	r17, 0xFF	; 255
    1a34:	fe 01       	movw	r30, r28
    1a36:	e1 55       	subi	r30, 0x51	; 81
    1a38:	ff 4f       	sbci	r31, 0xFF	; 255
    1a3a:	60 81       	ld	r22, Z
    1a3c:	71 81       	ldd	r23, Z+1	; 0x01
    1a3e:	82 81       	ldd	r24, Z+2	; 0x02
    1a40:	93 81       	ldd	r25, Z+3	; 0x03
    1a42:	0e 94 49 00 	call	0x92	; 0x92 <__fixunssfsi>
    1a46:	dc 01       	movw	r26, r24
    1a48:	cb 01       	movw	r24, r22
    1a4a:	f8 01       	movw	r30, r16
    1a4c:	91 83       	std	Z+1, r25	; 0x01
    1a4e:	80 83       	st	Z, r24
    1a50:	de 01       	movw	r26, r28
    1a52:	a7 55       	subi	r26, 0x57	; 87
    1a54:	bf 4f       	sbci	r27, 0xFF	; 255
    1a56:	fe 01       	movw	r30, r28
    1a58:	e3 55       	subi	r30, 0x53	; 83
    1a5a:	ff 4f       	sbci	r31, 0xFF	; 255
    1a5c:	80 81       	ld	r24, Z
    1a5e:	91 81       	ldd	r25, Z+1	; 0x01
    1a60:	8d 93       	st	X+, r24
    1a62:	9c 93       	st	X, r25
    1a64:	fe 01       	movw	r30, r28
    1a66:	e7 55       	subi	r30, 0x57	; 87
    1a68:	ff 4f       	sbci	r31, 0xFF	; 255
    1a6a:	80 81       	ld	r24, Z
    1a6c:	91 81       	ldd	r25, Z+1	; 0x01
    1a6e:	01 97       	sbiw	r24, 0x01	; 1
    1a70:	f1 f7       	brne	.-4      	; 0x1a6e <main+0x1cc>
    1a72:	fe 01       	movw	r30, r28
    1a74:	e7 55       	subi	r30, 0x57	; 87
    1a76:	ff 4f       	sbci	r31, 0xFF	; 255
    1a78:	91 83       	std	Z+1, r25	; 0x01
    1a7a:	80 83       	st	Z, r24
        _delay_ms(5);
        PORTA &= ~(1 << PA5);
    1a7c:	ab e3       	ldi	r26, 0x3B	; 59
    1a7e:	b0 e0       	ldi	r27, 0x00	; 0
    1a80:	eb e3       	ldi	r30, 0x3B	; 59
    1a82:	f0 e0       	ldi	r31, 0x00	; 0
    1a84:	80 81       	ld	r24, Z
    1a86:	8f 7d       	andi	r24, 0xDF	; 223
    1a88:	8c 93       	st	X, r24
        PORTC = sec_tens;  // Display the seconds
    1a8a:	e5 e3       	ldi	r30, 0x35	; 53
    1a8c:	f0 e0       	ldi	r31, 0x00	; 0
    1a8e:	80 91 69 00 	lds	r24, 0x0069
    1a92:	80 83       	st	Z, r24
        PORTA |= (1 << PA4);  // Second digit in seconds
    1a94:	ab e3       	ldi	r26, 0x3B	; 59
    1a96:	b0 e0       	ldi	r27, 0x00	; 0
    1a98:	eb e3       	ldi	r30, 0x3B	; 59
    1a9a:	f0 e0       	ldi	r31, 0x00	; 0
    1a9c:	80 81       	ld	r24, Z
    1a9e:	80 61       	ori	r24, 0x10	; 16
    1aa0:	8c 93       	st	X, r24
    1aa2:	fe 01       	movw	r30, r28
    1aa4:	eb 55       	subi	r30, 0x5B	; 91
    1aa6:	ff 4f       	sbci	r31, 0xFF	; 255
    1aa8:	80 e0       	ldi	r24, 0x00	; 0
    1aaa:	90 e0       	ldi	r25, 0x00	; 0
    1aac:	a0 ea       	ldi	r26, 0xA0	; 160
    1aae:	b0 e4       	ldi	r27, 0x40	; 64
    1ab0:	80 83       	st	Z, r24
    1ab2:	91 83       	std	Z+1, r25	; 0x01
    1ab4:	a2 83       	std	Z+2, r26	; 0x02
    1ab6:	b3 83       	std	Z+3, r27	; 0x03
 */
void
_delay_ms(double __ms)
{
	uint16_t __ticks;
	double __tmp = ((F_CPU) / 4e3) * __ms;
    1ab8:	8e 01       	movw	r16, r28
    1aba:	0f 55       	subi	r16, 0x5F	; 95
    1abc:	1f 4f       	sbci	r17, 0xFF	; 255
    1abe:	fe 01       	movw	r30, r28
    1ac0:	eb 55       	subi	r30, 0x5B	; 91
    1ac2:	ff 4f       	sbci	r31, 0xFF	; 255
    1ac4:	60 81       	ld	r22, Z
    1ac6:	71 81       	ldd	r23, Z+1	; 0x01
    1ac8:	82 81       	ldd	r24, Z+2	; 0x02
    1aca:	93 81       	ldd	r25, Z+3	; 0x03
    1acc:	20 e0       	ldi	r18, 0x00	; 0
    1ace:	30 e0       	ldi	r19, 0x00	; 0
    1ad0:	4a e7       	ldi	r20, 0x7A	; 122
    1ad2:	55 e4       	ldi	r21, 0x45	; 69
    1ad4:	0e 94 1f 02 	call	0x43e	; 0x43e <__mulsf3>
    1ad8:	dc 01       	movw	r26, r24
    1ada:	cb 01       	movw	r24, r22
    1adc:	f8 01       	movw	r30, r16
    1ade:	80 83       	st	Z, r24
    1ae0:	91 83       	std	Z+1, r25	; 0x01
    1ae2:	a2 83       	std	Z+2, r26	; 0x02
    1ae4:	b3 83       	std	Z+3, r27	; 0x03
	if (__tmp < 1.0)
    1ae6:	fe 01       	movw	r30, r28
    1ae8:	ef 55       	subi	r30, 0x5F	; 95
    1aea:	ff 4f       	sbci	r31, 0xFF	; 255
    1aec:	60 81       	ld	r22, Z
    1aee:	71 81       	ldd	r23, Z+1	; 0x01
    1af0:	82 81       	ldd	r24, Z+2	; 0x02
    1af2:	93 81       	ldd	r25, Z+3	; 0x03
    1af4:	20 e0       	ldi	r18, 0x00	; 0
    1af6:	30 e0       	ldi	r19, 0x00	; 0
    1af8:	40 e8       	ldi	r20, 0x80	; 128
    1afa:	5f e3       	ldi	r21, 0x3F	; 63
    1afc:	0e 94 79 03 	call	0x6f2	; 0x6f2 <__ltsf2>
    1b00:	88 23       	and	r24, r24
    1b02:	44 f4       	brge	.+16     	; 0x1b14 <main+0x272>
		__ticks = 1;
    1b04:	fe 01       	movw	r30, r28
    1b06:	e1 56       	subi	r30, 0x61	; 97
    1b08:	ff 4f       	sbci	r31, 0xFF	; 255
    1b0a:	81 e0       	ldi	r24, 0x01	; 1
    1b0c:	90 e0       	ldi	r25, 0x00	; 0
    1b0e:	91 83       	std	Z+1, r25	; 0x01
    1b10:	80 83       	st	Z, r24
    1b12:	64 c0       	rjmp	.+200    	; 0x1bdc <main+0x33a>
	else if (__tmp > 65535)
    1b14:	fe 01       	movw	r30, r28
    1b16:	ef 55       	subi	r30, 0x5F	; 95
    1b18:	ff 4f       	sbci	r31, 0xFF	; 255
    1b1a:	60 81       	ld	r22, Z
    1b1c:	71 81       	ldd	r23, Z+1	; 0x01
    1b1e:	82 81       	ldd	r24, Z+2	; 0x02
    1b20:	93 81       	ldd	r25, Z+3	; 0x03
    1b22:	20 e0       	ldi	r18, 0x00	; 0
    1b24:	3f ef       	ldi	r19, 0xFF	; 255
    1b26:	4f e7       	ldi	r20, 0x7F	; 127
    1b28:	57 e4       	ldi	r21, 0x47	; 71
    1b2a:	0e 94 19 03 	call	0x632	; 0x632 <__gtsf2>
    1b2e:	18 16       	cp	r1, r24
    1b30:	0c f0       	brlt	.+2      	; 0x1b34 <main+0x292>
    1b32:	43 c0       	rjmp	.+134    	; 0x1bba <main+0x318>
	{
		//	__ticks = requested delay in 1/10 ms
		__ticks = (uint16_t) (__ms * 10.0);
    1b34:	fe 01       	movw	r30, r28
    1b36:	eb 55       	subi	r30, 0x5B	; 91
    1b38:	ff 4f       	sbci	r31, 0xFF	; 255
    1b3a:	60 81       	ld	r22, Z
    1b3c:	71 81       	ldd	r23, Z+1	; 0x01
    1b3e:	82 81       	ldd	r24, Z+2	; 0x02
    1b40:	93 81       	ldd	r25, Z+3	; 0x03
    1b42:	20 e0       	ldi	r18, 0x00	; 0
    1b44:	30 e0       	ldi	r19, 0x00	; 0
    1b46:	40 e2       	ldi	r20, 0x20	; 32
    1b48:	51 e4       	ldi	r21, 0x41	; 65
    1b4a:	0e 94 1f 02 	call	0x43e	; 0x43e <__mulsf3>
    1b4e:	dc 01       	movw	r26, r24
    1b50:	cb 01       	movw	r24, r22
    1b52:	8e 01       	movw	r16, r28
    1b54:	01 56       	subi	r16, 0x61	; 97
    1b56:	1f 4f       	sbci	r17, 0xFF	; 255
    1b58:	bc 01       	movw	r22, r24
    1b5a:	cd 01       	movw	r24, r26
    1b5c:	0e 94 49 00 	call	0x92	; 0x92 <__fixunssfsi>
    1b60:	dc 01       	movw	r26, r24
    1b62:	cb 01       	movw	r24, r22
    1b64:	f8 01       	movw	r30, r16
    1b66:	91 83       	std	Z+1, r25	; 0x01
    1b68:	80 83       	st	Z, r24
    1b6a:	1f c0       	rjmp	.+62     	; 0x1baa <main+0x308>
    1b6c:	fe 01       	movw	r30, r28
    1b6e:	e3 56       	subi	r30, 0x63	; 99
    1b70:	ff 4f       	sbci	r31, 0xFF	; 255
    1b72:	80 e9       	ldi	r24, 0x90	; 144
    1b74:	91 e0       	ldi	r25, 0x01	; 1
    1b76:	91 83       	std	Z+1, r25	; 0x01
    1b78:	80 83       	st	Z, r24
    1b7a:	fe 01       	movw	r30, r28
    1b7c:	e3 56       	subi	r30, 0x63	; 99
    1b7e:	ff 4f       	sbci	r31, 0xFF	; 255
    1b80:	80 81       	ld	r24, Z
    1b82:	91 81       	ldd	r25, Z+1	; 0x01
    1b84:	01 97       	sbiw	r24, 0x01	; 1
    1b86:	f1 f7       	brne	.-4      	; 0x1b84 <main+0x2e2>
    1b88:	fe 01       	movw	r30, r28
    1b8a:	e3 56       	subi	r30, 0x63	; 99
    1b8c:	ff 4f       	sbci	r31, 0xFF	; 255
    1b8e:	91 83       	std	Z+1, r25	; 0x01
    1b90:	80 83       	st	Z, r24
		while(__ticks)
		{
			// wait 1/10 ms
			_delay_loop_2(((F_CPU) / 4e3) / 10);
			__ticks --;
    1b92:	de 01       	movw	r26, r28
    1b94:	a1 56       	subi	r26, 0x61	; 97
    1b96:	bf 4f       	sbci	r27, 0xFF	; 255
    1b98:	fe 01       	movw	r30, r28
    1b9a:	e1 56       	subi	r30, 0x61	; 97
    1b9c:	ff 4f       	sbci	r31, 0xFF	; 255
    1b9e:	80 81       	ld	r24, Z
    1ba0:	91 81       	ldd	r25, Z+1	; 0x01
    1ba2:	01 97       	sbiw	r24, 0x01	; 1
    1ba4:	11 96       	adiw	r26, 0x01	; 1
    1ba6:	9c 93       	st	X, r25
    1ba8:	8e 93       	st	-X, r24
		__ticks = 1;
	else if (__tmp > 65535)
	{
		//	__ticks = requested delay in 1/10 ms
		__ticks = (uint16_t) (__ms * 10.0);
		while(__ticks)
    1baa:	fe 01       	movw	r30, r28
    1bac:	e1 56       	subi	r30, 0x61	; 97
    1bae:	ff 4f       	sbci	r31, 0xFF	; 255
    1bb0:	80 81       	ld	r24, Z
    1bb2:	91 81       	ldd	r25, Z+1	; 0x01
    1bb4:	00 97       	sbiw	r24, 0x00	; 0
    1bb6:	d1 f6       	brne	.-76     	; 0x1b6c <main+0x2ca>
    1bb8:	27 c0       	rjmp	.+78     	; 0x1c08 <main+0x366>
			__ticks --;
		}
		return;
	}
	else
		__ticks = (uint16_t)__tmp;
    1bba:	8e 01       	movw	r16, r28
    1bbc:	01 56       	subi	r16, 0x61	; 97
    1bbe:	1f 4f       	sbci	r17, 0xFF	; 255
    1bc0:	fe 01       	movw	r30, r28
    1bc2:	ef 55       	subi	r30, 0x5F	; 95
    1bc4:	ff 4f       	sbci	r31, 0xFF	; 255
    1bc6:	60 81       	ld	r22, Z
    1bc8:	71 81       	ldd	r23, Z+1	; 0x01
    1bca:	82 81       	ldd	r24, Z+2	; 0x02
    1bcc:	93 81       	ldd	r25, Z+3	; 0x03
    1bce:	0e 94 49 00 	call	0x92	; 0x92 <__fixunssfsi>
    1bd2:	dc 01       	movw	r26, r24
    1bd4:	cb 01       	movw	r24, r22
    1bd6:	f8 01       	movw	r30, r16
    1bd8:	91 83       	std	Z+1, r25	; 0x01
    1bda:	80 83       	st	Z, r24
    1bdc:	de 01       	movw	r26, r28
    1bde:	a5 56       	subi	r26, 0x65	; 101
    1be0:	bf 4f       	sbci	r27, 0xFF	; 255
    1be2:	fe 01       	movw	r30, r28
    1be4:	e1 56       	subi	r30, 0x61	; 97
    1be6:	ff 4f       	sbci	r31, 0xFF	; 255
    1be8:	80 81       	ld	r24, Z
    1bea:	91 81       	ldd	r25, Z+1	; 0x01
    1bec:	8d 93       	st	X+, r24
    1bee:	9c 93       	st	X, r25
    1bf0:	fe 01       	movw	r30, r28
    1bf2:	e5 56       	subi	r30, 0x65	; 101
    1bf4:	ff 4f       	sbci	r31, 0xFF	; 255
    1bf6:	80 81       	ld	r24, Z
    1bf8:	91 81       	ldd	r25, Z+1	; 0x01
    1bfa:	01 97       	sbiw	r24, 0x01	; 1
    1bfc:	f1 f7       	brne	.-4      	; 0x1bfa <main+0x358>
    1bfe:	fe 01       	movw	r30, r28
    1c00:	e5 56       	subi	r30, 0x65	; 101
    1c02:	ff 4f       	sbci	r31, 0xFF	; 255
    1c04:	91 83       	std	Z+1, r25	; 0x01
    1c06:	80 83       	st	Z, r24
        _delay_ms(5);
        PORTA &= ~(1 << PA4);
    1c08:	ab e3       	ldi	r26, 0x3B	; 59
    1c0a:	b0 e0       	ldi	r27, 0x00	; 0
    1c0c:	eb e3       	ldi	r30, 0x3B	; 59
    1c0e:	f0 e0       	ldi	r31, 0x00	; 0
    1c10:	80 81       	ld	r24, Z
    1c12:	8f 7e       	andi	r24, 0xEF	; 239
    1c14:	8c 93       	st	X, r24
        PORTC = min_units;  // Display the minutes
    1c16:	e5 e3       	ldi	r30, 0x35	; 53
    1c18:	f0 e0       	ldi	r31, 0x00	; 0
    1c1a:	80 91 6a 00 	lds	r24, 0x006A
    1c1e:	80 83       	st	Z, r24
        PORTA |= (1 << PA3);  // First digit in minutes
    1c20:	ab e3       	ldi	r26, 0x3B	; 59
    1c22:	b0 e0       	ldi	r27, 0x00	; 0
    1c24:	eb e3       	ldi	r30, 0x3B	; 59
    1c26:	f0 e0       	ldi	r31, 0x00	; 0
    1c28:	80 81       	ld	r24, Z
    1c2a:	88 60       	ori	r24, 0x08	; 8
    1c2c:	8c 93       	st	X, r24
    1c2e:	fe 01       	movw	r30, r28
    1c30:	e9 56       	subi	r30, 0x69	; 105
    1c32:	ff 4f       	sbci	r31, 0xFF	; 255
    1c34:	80 e0       	ldi	r24, 0x00	; 0
    1c36:	90 e0       	ldi	r25, 0x00	; 0
    1c38:	a0 ea       	ldi	r26, 0xA0	; 160
    1c3a:	b0 e4       	ldi	r27, 0x40	; 64
    1c3c:	80 83       	st	Z, r24
    1c3e:	91 83       	std	Z+1, r25	; 0x01
    1c40:	a2 83       	std	Z+2, r26	; 0x02
    1c42:	b3 83       	std	Z+3, r27	; 0x03
 */
void
_delay_ms(double __ms)
{
	uint16_t __ticks;
	double __tmp = ((F_CPU) / 4e3) * __ms;
    1c44:	8e 01       	movw	r16, r28
    1c46:	0d 56       	subi	r16, 0x6D	; 109
    1c48:	1f 4f       	sbci	r17, 0xFF	; 255
    1c4a:	fe 01       	movw	r30, r28
    1c4c:	e9 56       	subi	r30, 0x69	; 105
    1c4e:	ff 4f       	sbci	r31, 0xFF	; 255
    1c50:	60 81       	ld	r22, Z
    1c52:	71 81       	ldd	r23, Z+1	; 0x01
    1c54:	82 81       	ldd	r24, Z+2	; 0x02
    1c56:	93 81       	ldd	r25, Z+3	; 0x03
    1c58:	20 e0       	ldi	r18, 0x00	; 0
    1c5a:	30 e0       	ldi	r19, 0x00	; 0
    1c5c:	4a e7       	ldi	r20, 0x7A	; 122
    1c5e:	55 e4       	ldi	r21, 0x45	; 69
    1c60:	0e 94 1f 02 	call	0x43e	; 0x43e <__mulsf3>
    1c64:	dc 01       	movw	r26, r24
    1c66:	cb 01       	movw	r24, r22
    1c68:	f8 01       	movw	r30, r16
    1c6a:	80 83       	st	Z, r24
    1c6c:	91 83       	std	Z+1, r25	; 0x01
    1c6e:	a2 83       	std	Z+2, r26	; 0x02
    1c70:	b3 83       	std	Z+3, r27	; 0x03
	if (__tmp < 1.0)
    1c72:	fe 01       	movw	r30, r28
    1c74:	ed 56       	subi	r30, 0x6D	; 109
    1c76:	ff 4f       	sbci	r31, 0xFF	; 255
    1c78:	60 81       	ld	r22, Z
    1c7a:	71 81       	ldd	r23, Z+1	; 0x01
    1c7c:	82 81       	ldd	r24, Z+2	; 0x02
    1c7e:	93 81       	ldd	r25, Z+3	; 0x03
    1c80:	20 e0       	ldi	r18, 0x00	; 0
    1c82:	30 e0       	ldi	r19, 0x00	; 0
    1c84:	40 e8       	ldi	r20, 0x80	; 128
    1c86:	5f e3       	ldi	r21, 0x3F	; 63
    1c88:	0e 94 79 03 	call	0x6f2	; 0x6f2 <__ltsf2>
    1c8c:	88 23       	and	r24, r24
    1c8e:	44 f4       	brge	.+16     	; 0x1ca0 <main+0x3fe>
		__ticks = 1;
    1c90:	fe 01       	movw	r30, r28
    1c92:	ef 56       	subi	r30, 0x6F	; 111
    1c94:	ff 4f       	sbci	r31, 0xFF	; 255
    1c96:	81 e0       	ldi	r24, 0x01	; 1
    1c98:	90 e0       	ldi	r25, 0x00	; 0
    1c9a:	91 83       	std	Z+1, r25	; 0x01
    1c9c:	80 83       	st	Z, r24
    1c9e:	64 c0       	rjmp	.+200    	; 0x1d68 <main+0x4c6>
	else if (__tmp > 65535)
    1ca0:	fe 01       	movw	r30, r28
    1ca2:	ed 56       	subi	r30, 0x6D	; 109
    1ca4:	ff 4f       	sbci	r31, 0xFF	; 255
    1ca6:	60 81       	ld	r22, Z
    1ca8:	71 81       	ldd	r23, Z+1	; 0x01
    1caa:	82 81       	ldd	r24, Z+2	; 0x02
    1cac:	93 81       	ldd	r25, Z+3	; 0x03
    1cae:	20 e0       	ldi	r18, 0x00	; 0
    1cb0:	3f ef       	ldi	r19, 0xFF	; 255
    1cb2:	4f e7       	ldi	r20, 0x7F	; 127
    1cb4:	57 e4       	ldi	r21, 0x47	; 71
    1cb6:	0e 94 19 03 	call	0x632	; 0x632 <__gtsf2>
    1cba:	18 16       	cp	r1, r24
    1cbc:	0c f0       	brlt	.+2      	; 0x1cc0 <main+0x41e>
    1cbe:	43 c0       	rjmp	.+134    	; 0x1d46 <main+0x4a4>
	{
		//	__ticks = requested delay in 1/10 ms
		__ticks = (uint16_t) (__ms * 10.0);
    1cc0:	fe 01       	movw	r30, r28
    1cc2:	e9 56       	subi	r30, 0x69	; 105
    1cc4:	ff 4f       	sbci	r31, 0xFF	; 255
    1cc6:	60 81       	ld	r22, Z
    1cc8:	71 81       	ldd	r23, Z+1	; 0x01
    1cca:	82 81       	ldd	r24, Z+2	; 0x02
    1ccc:	93 81       	ldd	r25, Z+3	; 0x03
    1cce:	20 e0       	ldi	r18, 0x00	; 0
    1cd0:	30 e0       	ldi	r19, 0x00	; 0
    1cd2:	40 e2       	ldi	r20, 0x20	; 32
    1cd4:	51 e4       	ldi	r21, 0x41	; 65
    1cd6:	0e 94 1f 02 	call	0x43e	; 0x43e <__mulsf3>
    1cda:	dc 01       	movw	r26, r24
    1cdc:	cb 01       	movw	r24, r22
    1cde:	8e 01       	movw	r16, r28
    1ce0:	0f 56       	subi	r16, 0x6F	; 111
    1ce2:	1f 4f       	sbci	r17, 0xFF	; 255
    1ce4:	bc 01       	movw	r22, r24
    1ce6:	cd 01       	movw	r24, r26
    1ce8:	0e 94 49 00 	call	0x92	; 0x92 <__fixunssfsi>
    1cec:	dc 01       	movw	r26, r24
    1cee:	cb 01       	movw	r24, r22
    1cf0:	f8 01       	movw	r30, r16
    1cf2:	91 83       	std	Z+1, r25	; 0x01
    1cf4:	80 83       	st	Z, r24
    1cf6:	1f c0       	rjmp	.+62     	; 0x1d36 <main+0x494>
    1cf8:	fe 01       	movw	r30, r28
    1cfa:	e1 57       	subi	r30, 0x71	; 113
    1cfc:	ff 4f       	sbci	r31, 0xFF	; 255
    1cfe:	80 e9       	ldi	r24, 0x90	; 144
    1d00:	91 e0       	ldi	r25, 0x01	; 1
    1d02:	91 83       	std	Z+1, r25	; 0x01
    1d04:	80 83       	st	Z, r24
    1d06:	fe 01       	movw	r30, r28
    1d08:	e1 57       	subi	r30, 0x71	; 113
    1d0a:	ff 4f       	sbci	r31, 0xFF	; 255
    1d0c:	80 81       	ld	r24, Z
    1d0e:	91 81       	ldd	r25, Z+1	; 0x01
    1d10:	01 97       	sbiw	r24, 0x01	; 1
    1d12:	f1 f7       	brne	.-4      	; 0x1d10 <main+0x46e>
    1d14:	fe 01       	movw	r30, r28
    1d16:	e1 57       	subi	r30, 0x71	; 113
    1d18:	ff 4f       	sbci	r31, 0xFF	; 255
    1d1a:	91 83       	std	Z+1, r25	; 0x01
    1d1c:	80 83       	st	Z, r24
		while(__ticks)
		{
			// wait 1/10 ms
			_delay_loop_2(((F_CPU) / 4e3) / 10);
			__ticks --;
    1d1e:	de 01       	movw	r26, r28
    1d20:	af 56       	subi	r26, 0x6F	; 111
    1d22:	bf 4f       	sbci	r27, 0xFF	; 255
    1d24:	fe 01       	movw	r30, r28
    1d26:	ef 56       	subi	r30, 0x6F	; 111
    1d28:	ff 4f       	sbci	r31, 0xFF	; 255
    1d2a:	80 81       	ld	r24, Z
    1d2c:	91 81       	ldd	r25, Z+1	; 0x01
    1d2e:	01 97       	sbiw	r24, 0x01	; 1
    1d30:	11 96       	adiw	r26, 0x01	; 1
    1d32:	9c 93       	st	X, r25
    1d34:	8e 93       	st	-X, r24
		__ticks = 1;
	else if (__tmp > 65535)
	{
		//	__ticks = requested delay in 1/10 ms
		__ticks = (uint16_t) (__ms * 10.0);
		while(__ticks)
    1d36:	fe 01       	movw	r30, r28
    1d38:	ef 56       	subi	r30, 0x6F	; 111
    1d3a:	ff 4f       	sbci	r31, 0xFF	; 255
    1d3c:	80 81       	ld	r24, Z
    1d3e:	91 81       	ldd	r25, Z+1	; 0x01
    1d40:	00 97       	sbiw	r24, 0x00	; 0
    1d42:	d1 f6       	brne	.-76     	; 0x1cf8 <main+0x456>
    1d44:	27 c0       	rjmp	.+78     	; 0x1d94 <main+0x4f2>
			__ticks --;
		}
		return;
	}
	else
		__ticks = (uint16_t)__tmp;
    1d46:	8e 01       	movw	r16, r28
    1d48:	0f 56       	subi	r16, 0x6F	; 111
    1d4a:	1f 4f       	sbci	r17, 0xFF	; 255
    1d4c:	fe 01       	movw	r30, r28
    1d4e:	ed 56       	subi	r30, 0x6D	; 109
    1d50:	ff 4f       	sbci	r31, 0xFF	; 255
    1d52:	60 81       	ld	r22, Z
    1d54:	71 81       	ldd	r23, Z+1	; 0x01
    1d56:	82 81       	ldd	r24, Z+2	; 0x02
    1d58:	93 81       	ldd	r25, Z+3	; 0x03
    1d5a:	0e 94 49 00 	call	0x92	; 0x92 <__fixunssfsi>
    1d5e:	dc 01       	movw	r26, r24
    1d60:	cb 01       	movw	r24, r22
    1d62:	f8 01       	movw	r30, r16
    1d64:	91 83       	std	Z+1, r25	; 0x01
    1d66:	80 83       	st	Z, r24
    1d68:	de 01       	movw	r26, r28
    1d6a:	a3 57       	subi	r26, 0x73	; 115
    1d6c:	bf 4f       	sbci	r27, 0xFF	; 255
    1d6e:	fe 01       	movw	r30, r28
    1d70:	ef 56       	subi	r30, 0x6F	; 111
    1d72:	ff 4f       	sbci	r31, 0xFF	; 255
    1d74:	80 81       	ld	r24, Z
    1d76:	91 81       	ldd	r25, Z+1	; 0x01
    1d78:	8d 93       	st	X+, r24
    1d7a:	9c 93       	st	X, r25
    1d7c:	fe 01       	movw	r30, r28
    1d7e:	e3 57       	subi	r30, 0x73	; 115
    1d80:	ff 4f       	sbci	r31, 0xFF	; 255
    1d82:	80 81       	ld	r24, Z
    1d84:	91 81       	ldd	r25, Z+1	; 0x01
    1d86:	01 97       	sbiw	r24, 0x01	; 1
    1d88:	f1 f7       	brne	.-4      	; 0x1d86 <main+0x4e4>
    1d8a:	fe 01       	movw	r30, r28
    1d8c:	e3 57       	subi	r30, 0x73	; 115
    1d8e:	ff 4f       	sbci	r31, 0xFF	; 255
    1d90:	91 83       	std	Z+1, r25	; 0x01
    1d92:	80 83       	st	Z, r24
        _delay_ms(5);
        PORTA &= ~(1 << PA3);
    1d94:	ab e3       	ldi	r26, 0x3B	; 59
    1d96:	b0 e0       	ldi	r27, 0x00	; 0
    1d98:	eb e3       	ldi	r30, 0x3B	; 59
    1d9a:	f0 e0       	ldi	r31, 0x00	; 0
    1d9c:	80 81       	ld	r24, Z
    1d9e:	87 7f       	andi	r24, 0xF7	; 247
    1da0:	8c 93       	st	X, r24
        PORTC = min_tens;  // Display the minutes
    1da2:	e5 e3       	ldi	r30, 0x35	; 53
    1da4:	f0 e0       	ldi	r31, 0x00	; 0
    1da6:	80 91 6b 00 	lds	r24, 0x006B
    1daa:	80 83       	st	Z, r24
        PORTA |= (1 << PA2);  // Second digit in minutes
    1dac:	ab e3       	ldi	r26, 0x3B	; 59
    1dae:	b0 e0       	ldi	r27, 0x00	; 0
    1db0:	eb e3       	ldi	r30, 0x3B	; 59
    1db2:	f0 e0       	ldi	r31, 0x00	; 0
    1db4:	80 81       	ld	r24, Z
    1db6:	84 60       	ori	r24, 0x04	; 4
    1db8:	8c 93       	st	X, r24
    1dba:	fe 01       	movw	r30, r28
    1dbc:	e7 57       	subi	r30, 0x77	; 119
    1dbe:	ff 4f       	sbci	r31, 0xFF	; 255
    1dc0:	80 e0       	ldi	r24, 0x00	; 0
    1dc2:	90 e0       	ldi	r25, 0x00	; 0
    1dc4:	a0 ea       	ldi	r26, 0xA0	; 160
    1dc6:	b0 e4       	ldi	r27, 0x40	; 64
    1dc8:	80 83       	st	Z, r24
    1dca:	91 83       	std	Z+1, r25	; 0x01
    1dcc:	a2 83       	std	Z+2, r26	; 0x02
    1dce:	b3 83       	std	Z+3, r27	; 0x03
 */
void
_delay_ms(double __ms)
{
	uint16_t __ticks;
	double __tmp = ((F_CPU) / 4e3) * __ms;
    1dd0:	8e 01       	movw	r16, r28
    1dd2:	0b 57       	subi	r16, 0x7B	; 123
    1dd4:	1f 4f       	sbci	r17, 0xFF	; 255
    1dd6:	fe 01       	movw	r30, r28
    1dd8:	e7 57       	subi	r30, 0x77	; 119
    1dda:	ff 4f       	sbci	r31, 0xFF	; 255
    1ddc:	60 81       	ld	r22, Z
    1dde:	71 81       	ldd	r23, Z+1	; 0x01
    1de0:	82 81       	ldd	r24, Z+2	; 0x02
    1de2:	93 81       	ldd	r25, Z+3	; 0x03
    1de4:	20 e0       	ldi	r18, 0x00	; 0
    1de6:	30 e0       	ldi	r19, 0x00	; 0
    1de8:	4a e7       	ldi	r20, 0x7A	; 122
    1dea:	55 e4       	ldi	r21, 0x45	; 69
    1dec:	0e 94 1f 02 	call	0x43e	; 0x43e <__mulsf3>
    1df0:	dc 01       	movw	r26, r24
    1df2:	cb 01       	movw	r24, r22
    1df4:	f8 01       	movw	r30, r16
    1df6:	80 83       	st	Z, r24
    1df8:	91 83       	std	Z+1, r25	; 0x01
    1dfa:	a2 83       	std	Z+2, r26	; 0x02
    1dfc:	b3 83       	std	Z+3, r27	; 0x03
	if (__tmp < 1.0)
    1dfe:	fe 01       	movw	r30, r28
    1e00:	eb 57       	subi	r30, 0x7B	; 123
    1e02:	ff 4f       	sbci	r31, 0xFF	; 255
    1e04:	60 81       	ld	r22, Z
    1e06:	71 81       	ldd	r23, Z+1	; 0x01
    1e08:	82 81       	ldd	r24, Z+2	; 0x02
    1e0a:	93 81       	ldd	r25, Z+3	; 0x03
    1e0c:	20 e0       	ldi	r18, 0x00	; 0
    1e0e:	30 e0       	ldi	r19, 0x00	; 0
    1e10:	40 e8       	ldi	r20, 0x80	; 128
    1e12:	5f e3       	ldi	r21, 0x3F	; 63
    1e14:	0e 94 79 03 	call	0x6f2	; 0x6f2 <__ltsf2>
    1e18:	88 23       	and	r24, r24
    1e1a:	44 f4       	brge	.+16     	; 0x1e2c <main+0x58a>
		__ticks = 1;
    1e1c:	fe 01       	movw	r30, r28
    1e1e:	ed 57       	subi	r30, 0x7D	; 125
    1e20:	ff 4f       	sbci	r31, 0xFF	; 255
    1e22:	81 e0       	ldi	r24, 0x01	; 1
    1e24:	90 e0       	ldi	r25, 0x00	; 0
    1e26:	91 83       	std	Z+1, r25	; 0x01
    1e28:	80 83       	st	Z, r24
    1e2a:	64 c0       	rjmp	.+200    	; 0x1ef4 <main+0x652>
	else if (__tmp > 65535)
    1e2c:	fe 01       	movw	r30, r28
    1e2e:	eb 57       	subi	r30, 0x7B	; 123
    1e30:	ff 4f       	sbci	r31, 0xFF	; 255
    1e32:	60 81       	ld	r22, Z
    1e34:	71 81       	ldd	r23, Z+1	; 0x01
    1e36:	82 81       	ldd	r24, Z+2	; 0x02
    1e38:	93 81       	ldd	r25, Z+3	; 0x03
    1e3a:	20 e0       	ldi	r18, 0x00	; 0
    1e3c:	3f ef       	ldi	r19, 0xFF	; 255
    1e3e:	4f e7       	ldi	r20, 0x7F	; 127
    1e40:	57 e4       	ldi	r21, 0x47	; 71
    1e42:	0e 94 19 03 	call	0x632	; 0x632 <__gtsf2>
    1e46:	18 16       	cp	r1, r24
    1e48:	0c f0       	brlt	.+2      	; 0x1e4c <main+0x5aa>
    1e4a:	43 c0       	rjmp	.+134    	; 0x1ed2 <main+0x630>
	{
		//	__ticks = requested delay in 1/10 ms
		__ticks = (uint16_t) (__ms * 10.0);
    1e4c:	fe 01       	movw	r30, r28
    1e4e:	e7 57       	subi	r30, 0x77	; 119
    1e50:	ff 4f       	sbci	r31, 0xFF	; 255
    1e52:	60 81       	ld	r22, Z
    1e54:	71 81       	ldd	r23, Z+1	; 0x01
    1e56:	82 81       	ldd	r24, Z+2	; 0x02
    1e58:	93 81       	ldd	r25, Z+3	; 0x03
    1e5a:	20 e0       	ldi	r18, 0x00	; 0
    1e5c:	30 e0       	ldi	r19, 0x00	; 0
    1e5e:	40 e2       	ldi	r20, 0x20	; 32
    1e60:	51 e4       	ldi	r21, 0x41	; 65
    1e62:	0e 94 1f 02 	call	0x43e	; 0x43e <__mulsf3>
    1e66:	dc 01       	movw	r26, r24
    1e68:	cb 01       	movw	r24, r22
    1e6a:	8e 01       	movw	r16, r28
    1e6c:	0d 57       	subi	r16, 0x7D	; 125
    1e6e:	1f 4f       	sbci	r17, 0xFF	; 255
    1e70:	bc 01       	movw	r22, r24
    1e72:	cd 01       	movw	r24, r26
    1e74:	0e 94 49 00 	call	0x92	; 0x92 <__fixunssfsi>
    1e78:	dc 01       	movw	r26, r24
    1e7a:	cb 01       	movw	r24, r22
    1e7c:	f8 01       	movw	r30, r16
    1e7e:	91 83       	std	Z+1, r25	; 0x01
    1e80:	80 83       	st	Z, r24
    1e82:	1f c0       	rjmp	.+62     	; 0x1ec2 <main+0x620>
    1e84:	fe 01       	movw	r30, r28
    1e86:	ef 57       	subi	r30, 0x7F	; 127
    1e88:	ff 4f       	sbci	r31, 0xFF	; 255
    1e8a:	80 e9       	ldi	r24, 0x90	; 144
    1e8c:	91 e0       	ldi	r25, 0x01	; 1
    1e8e:	91 83       	std	Z+1, r25	; 0x01
    1e90:	80 83       	st	Z, r24
    1e92:	fe 01       	movw	r30, r28
    1e94:	ef 57       	subi	r30, 0x7F	; 127
    1e96:	ff 4f       	sbci	r31, 0xFF	; 255
    1e98:	80 81       	ld	r24, Z
    1e9a:	91 81       	ldd	r25, Z+1	; 0x01
    1e9c:	01 97       	sbiw	r24, 0x01	; 1
    1e9e:	f1 f7       	brne	.-4      	; 0x1e9c <main+0x5fa>
    1ea0:	fe 01       	movw	r30, r28
    1ea2:	ef 57       	subi	r30, 0x7F	; 127
    1ea4:	ff 4f       	sbci	r31, 0xFF	; 255
    1ea6:	91 83       	std	Z+1, r25	; 0x01
    1ea8:	80 83       	st	Z, r24
		while(__ticks)
		{
			// wait 1/10 ms
			_delay_loop_2(((F_CPU) / 4e3) / 10);
			__ticks --;
    1eaa:	de 01       	movw	r26, r28
    1eac:	ad 57       	subi	r26, 0x7D	; 125
    1eae:	bf 4f       	sbci	r27, 0xFF	; 255
    1eb0:	fe 01       	movw	r30, r28
    1eb2:	ed 57       	subi	r30, 0x7D	; 125
    1eb4:	ff 4f       	sbci	r31, 0xFF	; 255
    1eb6:	80 81       	ld	r24, Z
    1eb8:	91 81       	ldd	r25, Z+1	; 0x01
    1eba:	01 97       	sbiw	r24, 0x01	; 1
    1ebc:	11 96       	adiw	r26, 0x01	; 1
    1ebe:	9c 93       	st	X, r25
    1ec0:	8e 93       	st	-X, r24
		__ticks = 1;
	else if (__tmp > 65535)
	{
		//	__ticks = requested delay in 1/10 ms
		__ticks = (uint16_t) (__ms * 10.0);
		while(__ticks)
    1ec2:	fe 01       	movw	r30, r28
    1ec4:	ed 57       	subi	r30, 0x7D	; 125
    1ec6:	ff 4f       	sbci	r31, 0xFF	; 255
    1ec8:	80 81       	ld	r24, Z
    1eca:	91 81       	ldd	r25, Z+1	; 0x01
    1ecc:	00 97       	sbiw	r24, 0x00	; 0
    1ece:	d1 f6       	brne	.-76     	; 0x1e84 <main+0x5e2>
    1ed0:	27 c0       	rjmp	.+78     	; 0x1f20 <main+0x67e>
			__ticks --;
		}
		return;
	}
	else
		__ticks = (uint16_t)__tmp;
    1ed2:	8e 01       	movw	r16, r28
    1ed4:	0d 57       	subi	r16, 0x7D	; 125
    1ed6:	1f 4f       	sbci	r17, 0xFF	; 255
    1ed8:	fe 01       	movw	r30, r28
    1eda:	eb 57       	subi	r30, 0x7B	; 123
    1edc:	ff 4f       	sbci	r31, 0xFF	; 255
    1ede:	60 81       	ld	r22, Z
    1ee0:	71 81       	ldd	r23, Z+1	; 0x01
    1ee2:	82 81       	ldd	r24, Z+2	; 0x02
    1ee4:	93 81       	ldd	r25, Z+3	; 0x03
    1ee6:	0e 94 49 00 	call	0x92	; 0x92 <__fixunssfsi>
    1eea:	dc 01       	movw	r26, r24
    1eec:	cb 01       	movw	r24, r22
    1eee:	f8 01       	movw	r30, r16
    1ef0:	91 83       	std	Z+1, r25	; 0x01
    1ef2:	80 83       	st	Z, r24
    1ef4:	de 01       	movw	r26, r28
    1ef6:	a1 58       	subi	r26, 0x81	; 129
    1ef8:	bf 4f       	sbci	r27, 0xFF	; 255
    1efa:	fe 01       	movw	r30, r28
    1efc:	ed 57       	subi	r30, 0x7D	; 125
    1efe:	ff 4f       	sbci	r31, 0xFF	; 255
    1f00:	80 81       	ld	r24, Z
    1f02:	91 81       	ldd	r25, Z+1	; 0x01
    1f04:	8d 93       	st	X+, r24
    1f06:	9c 93       	st	X, r25
    1f08:	fe 01       	movw	r30, r28
    1f0a:	e1 58       	subi	r30, 0x81	; 129
    1f0c:	ff 4f       	sbci	r31, 0xFF	; 255
    1f0e:	80 81       	ld	r24, Z
    1f10:	91 81       	ldd	r25, Z+1	; 0x01
    1f12:	01 97       	sbiw	r24, 0x01	; 1
    1f14:	f1 f7       	brne	.-4      	; 0x1f12 <main+0x670>
    1f16:	fe 01       	movw	r30, r28
    1f18:	e1 58       	subi	r30, 0x81	; 129
    1f1a:	ff 4f       	sbci	r31, 0xFF	; 255
    1f1c:	91 83       	std	Z+1, r25	; 0x01
    1f1e:	80 83       	st	Z, r24
        _delay_ms(5);
        PORTA &= ~(1 << PA2);
    1f20:	ab e3       	ldi	r26, 0x3B	; 59
    1f22:	b0 e0       	ldi	r27, 0x00	; 0
    1f24:	eb e3       	ldi	r30, 0x3B	; 59
    1f26:	f0 e0       	ldi	r31, 0x00	; 0
    1f28:	80 81       	ld	r24, Z
    1f2a:	8b 7f       	andi	r24, 0xFB	; 251
    1f2c:	8c 93       	st	X, r24
        PORTC = hr_units;  // Display the hours
    1f2e:	e5 e3       	ldi	r30, 0x35	; 53
    1f30:	f0 e0       	ldi	r31, 0x00	; 0
    1f32:	80 91 6c 00 	lds	r24, 0x006C
    1f36:	80 83       	st	Z, r24
        PORTA |= (1 << PA1);  // First digit in hours
    1f38:	ab e3       	ldi	r26, 0x3B	; 59
    1f3a:	b0 e0       	ldi	r27, 0x00	; 0
    1f3c:	eb e3       	ldi	r30, 0x3B	; 59
    1f3e:	f0 e0       	ldi	r31, 0x00	; 0
    1f40:	80 81       	ld	r24, Z
    1f42:	82 60       	ori	r24, 0x02	; 2
    1f44:	8c 93       	st	X, r24
    1f46:	fe 01       	movw	r30, r28
    1f48:	e5 58       	subi	r30, 0x85	; 133
    1f4a:	ff 4f       	sbci	r31, 0xFF	; 255
    1f4c:	80 e0       	ldi	r24, 0x00	; 0
    1f4e:	90 e0       	ldi	r25, 0x00	; 0
    1f50:	a0 ea       	ldi	r26, 0xA0	; 160
    1f52:	b0 e4       	ldi	r27, 0x40	; 64
    1f54:	80 83       	st	Z, r24
    1f56:	91 83       	std	Z+1, r25	; 0x01
    1f58:	a2 83       	std	Z+2, r26	; 0x02
    1f5a:	b3 83       	std	Z+3, r27	; 0x03
 */
void
_delay_ms(double __ms)
{
	uint16_t __ticks;
	double __tmp = ((F_CPU) / 4e3) * __ms;
    1f5c:	8e 01       	movw	r16, r28
    1f5e:	09 58       	subi	r16, 0x89	; 137
    1f60:	1f 4f       	sbci	r17, 0xFF	; 255
    1f62:	fe 01       	movw	r30, r28
    1f64:	e5 58       	subi	r30, 0x85	; 133
    1f66:	ff 4f       	sbci	r31, 0xFF	; 255
    1f68:	60 81       	ld	r22, Z
    1f6a:	71 81       	ldd	r23, Z+1	; 0x01
    1f6c:	82 81       	ldd	r24, Z+2	; 0x02
    1f6e:	93 81       	ldd	r25, Z+3	; 0x03
    1f70:	20 e0       	ldi	r18, 0x00	; 0
    1f72:	30 e0       	ldi	r19, 0x00	; 0
    1f74:	4a e7       	ldi	r20, 0x7A	; 122
    1f76:	55 e4       	ldi	r21, 0x45	; 69
    1f78:	0e 94 1f 02 	call	0x43e	; 0x43e <__mulsf3>
    1f7c:	dc 01       	movw	r26, r24
    1f7e:	cb 01       	movw	r24, r22
    1f80:	f8 01       	movw	r30, r16
    1f82:	80 83       	st	Z, r24
    1f84:	91 83       	std	Z+1, r25	; 0x01
    1f86:	a2 83       	std	Z+2, r26	; 0x02
    1f88:	b3 83       	std	Z+3, r27	; 0x03
	if (__tmp < 1.0)
    1f8a:	fe 01       	movw	r30, r28
    1f8c:	e9 58       	subi	r30, 0x89	; 137
    1f8e:	ff 4f       	sbci	r31, 0xFF	; 255
    1f90:	60 81       	ld	r22, Z
    1f92:	71 81       	ldd	r23, Z+1	; 0x01
    1f94:	82 81       	ldd	r24, Z+2	; 0x02
    1f96:	93 81       	ldd	r25, Z+3	; 0x03
    1f98:	20 e0       	ldi	r18, 0x00	; 0
    1f9a:	30 e0       	ldi	r19, 0x00	; 0
    1f9c:	40 e8       	ldi	r20, 0x80	; 128
    1f9e:	5f e3       	ldi	r21, 0x3F	; 63
    1fa0:	0e 94 79 03 	call	0x6f2	; 0x6f2 <__ltsf2>
    1fa4:	88 23       	and	r24, r24
    1fa6:	44 f4       	brge	.+16     	; 0x1fb8 <main+0x716>
		__ticks = 1;
    1fa8:	fe 01       	movw	r30, r28
    1faa:	eb 58       	subi	r30, 0x8B	; 139
    1fac:	ff 4f       	sbci	r31, 0xFF	; 255
    1fae:	81 e0       	ldi	r24, 0x01	; 1
    1fb0:	90 e0       	ldi	r25, 0x00	; 0
    1fb2:	91 83       	std	Z+1, r25	; 0x01
    1fb4:	80 83       	st	Z, r24
    1fb6:	64 c0       	rjmp	.+200    	; 0x2080 <main+0x7de>
	else if (__tmp > 65535)
    1fb8:	fe 01       	movw	r30, r28
    1fba:	e9 58       	subi	r30, 0x89	; 137
    1fbc:	ff 4f       	sbci	r31, 0xFF	; 255
    1fbe:	60 81       	ld	r22, Z
    1fc0:	71 81       	ldd	r23, Z+1	; 0x01
    1fc2:	82 81       	ldd	r24, Z+2	; 0x02
    1fc4:	93 81       	ldd	r25, Z+3	; 0x03
    1fc6:	20 e0       	ldi	r18, 0x00	; 0
    1fc8:	3f ef       	ldi	r19, 0xFF	; 255
    1fca:	4f e7       	ldi	r20, 0x7F	; 127
    1fcc:	57 e4       	ldi	r21, 0x47	; 71
    1fce:	0e 94 19 03 	call	0x632	; 0x632 <__gtsf2>
    1fd2:	18 16       	cp	r1, r24
    1fd4:	0c f0       	brlt	.+2      	; 0x1fd8 <main+0x736>
    1fd6:	43 c0       	rjmp	.+134    	; 0x205e <main+0x7bc>
	{
		//	__ticks = requested delay in 1/10 ms
		__ticks = (uint16_t) (__ms * 10.0);
    1fd8:	fe 01       	movw	r30, r28
    1fda:	e5 58       	subi	r30, 0x85	; 133
    1fdc:	ff 4f       	sbci	r31, 0xFF	; 255
    1fde:	60 81       	ld	r22, Z
    1fe0:	71 81       	ldd	r23, Z+1	; 0x01
    1fe2:	82 81       	ldd	r24, Z+2	; 0x02
    1fe4:	93 81       	ldd	r25, Z+3	; 0x03
    1fe6:	20 e0       	ldi	r18, 0x00	; 0
    1fe8:	30 e0       	ldi	r19, 0x00	; 0
    1fea:	40 e2       	ldi	r20, 0x20	; 32
    1fec:	51 e4       	ldi	r21, 0x41	; 65
    1fee:	0e 94 1f 02 	call	0x43e	; 0x43e <__mulsf3>
    1ff2:	dc 01       	movw	r26, r24
    1ff4:	cb 01       	movw	r24, r22
    1ff6:	8e 01       	movw	r16, r28
    1ff8:	0b 58       	subi	r16, 0x8B	; 139
    1ffa:	1f 4f       	sbci	r17, 0xFF	; 255
    1ffc:	bc 01       	movw	r22, r24
    1ffe:	cd 01       	movw	r24, r26
    2000:	0e 94 49 00 	call	0x92	; 0x92 <__fixunssfsi>
    2004:	dc 01       	movw	r26, r24
    2006:	cb 01       	movw	r24, r22
    2008:	f8 01       	movw	r30, r16
    200a:	91 83       	std	Z+1, r25	; 0x01
    200c:	80 83       	st	Z, r24
    200e:	1f c0       	rjmp	.+62     	; 0x204e <main+0x7ac>
    2010:	fe 01       	movw	r30, r28
    2012:	ed 58       	subi	r30, 0x8D	; 141
    2014:	ff 4f       	sbci	r31, 0xFF	; 255
    2016:	80 e9       	ldi	r24, 0x90	; 144
    2018:	91 e0       	ldi	r25, 0x01	; 1
    201a:	91 83       	std	Z+1, r25	; 0x01
    201c:	80 83       	st	Z, r24
    201e:	fe 01       	movw	r30, r28
    2020:	ed 58       	subi	r30, 0x8D	; 141
    2022:	ff 4f       	sbci	r31, 0xFF	; 255
    2024:	80 81       	ld	r24, Z
    2026:	91 81       	ldd	r25, Z+1	; 0x01
    2028:	01 97       	sbiw	r24, 0x01	; 1
    202a:	f1 f7       	brne	.-4      	; 0x2028 <main+0x786>
    202c:	fe 01       	movw	r30, r28
    202e:	ed 58       	subi	r30, 0x8D	; 141
    2030:	ff 4f       	sbci	r31, 0xFF	; 255
    2032:	91 83       	std	Z+1, r25	; 0x01
    2034:	80 83       	st	Z, r24
		while(__ticks)
		{
			// wait 1/10 ms
			_delay_loop_2(((F_CPU) / 4e3) / 10);
			__ticks --;
    2036:	de 01       	movw	r26, r28
    2038:	ab 58       	subi	r26, 0x8B	; 139
    203a:	bf 4f       	sbci	r27, 0xFF	; 255
    203c:	fe 01       	movw	r30, r28
    203e:	eb 58       	subi	r30, 0x8B	; 139
    2040:	ff 4f       	sbci	r31, 0xFF	; 255
    2042:	80 81       	ld	r24, Z
    2044:	91 81       	ldd	r25, Z+1	; 0x01
    2046:	01 97       	sbiw	r24, 0x01	; 1
    2048:	11 96       	adiw	r26, 0x01	; 1
    204a:	9c 93       	st	X, r25
    204c:	8e 93       	st	-X, r24
		__ticks = 1;
	else if (__tmp > 65535)
	{
		//	__ticks = requested delay in 1/10 ms
		__ticks = (uint16_t) (__ms * 10.0);
		while(__ticks)
    204e:	fe 01       	movw	r30, r28
    2050:	eb 58       	subi	r30, 0x8B	; 139
    2052:	ff 4f       	sbci	r31, 0xFF	; 255
    2054:	80 81       	ld	r24, Z
    2056:	91 81       	ldd	r25, Z+1	; 0x01
    2058:	00 97       	sbiw	r24, 0x00	; 0
    205a:	d1 f6       	brne	.-76     	; 0x2010 <main+0x76e>
    205c:	27 c0       	rjmp	.+78     	; 0x20ac <main+0x80a>
			__ticks --;
		}
		return;
	}
	else
		__ticks = (uint16_t)__tmp;
    205e:	8e 01       	movw	r16, r28
    2060:	0b 58       	subi	r16, 0x8B	; 139
    2062:	1f 4f       	sbci	r17, 0xFF	; 255
    2064:	fe 01       	movw	r30, r28
    2066:	e9 58       	subi	r30, 0x89	; 137
    2068:	ff 4f       	sbci	r31, 0xFF	; 255
    206a:	60 81       	ld	r22, Z
    206c:	71 81       	ldd	r23, Z+1	; 0x01
    206e:	82 81       	ldd	r24, Z+2	; 0x02
    2070:	93 81       	ldd	r25, Z+3	; 0x03
    2072:	0e 94 49 00 	call	0x92	; 0x92 <__fixunssfsi>
    2076:	dc 01       	movw	r26, r24
    2078:	cb 01       	movw	r24, r22
    207a:	f8 01       	movw	r30, r16
    207c:	91 83       	std	Z+1, r25	; 0x01
    207e:	80 83       	st	Z, r24
    2080:	de 01       	movw	r26, r28
    2082:	af 58       	subi	r26, 0x8F	; 143
    2084:	bf 4f       	sbci	r27, 0xFF	; 255
    2086:	fe 01       	movw	r30, r28
    2088:	eb 58       	subi	r30, 0x8B	; 139
    208a:	ff 4f       	sbci	r31, 0xFF	; 255
    208c:	80 81       	ld	r24, Z
    208e:	91 81       	ldd	r25, Z+1	; 0x01
    2090:	8d 93       	st	X+, r24
    2092:	9c 93       	st	X, r25
    2094:	fe 01       	movw	r30, r28
    2096:	ef 58       	subi	r30, 0x8F	; 143
    2098:	ff 4f       	sbci	r31, 0xFF	; 255
    209a:	80 81       	ld	r24, Z
    209c:	91 81       	ldd	r25, Z+1	; 0x01
    209e:	01 97       	sbiw	r24, 0x01	; 1
    20a0:	f1 f7       	brne	.-4      	; 0x209e <main+0x7fc>
    20a2:	fe 01       	movw	r30, r28
    20a4:	ef 58       	subi	r30, 0x8F	; 143
    20a6:	ff 4f       	sbci	r31, 0xFF	; 255
    20a8:	91 83       	std	Z+1, r25	; 0x01
    20aa:	80 83       	st	Z, r24
        _delay_ms(5);
        PORTA &= ~(1 << PA1);
    20ac:	ab e3       	ldi	r26, 0x3B	; 59
    20ae:	b0 e0       	ldi	r27, 0x00	; 0
    20b0:	eb e3       	ldi	r30, 0x3B	; 59
    20b2:	f0 e0       	ldi	r31, 0x00	; 0
    20b4:	80 81       	ld	r24, Z
    20b6:	8d 7f       	andi	r24, 0xFD	; 253
    20b8:	8c 93       	st	X, r24
        PORTC = hr_tens;  // Display the hours
    20ba:	e5 e3       	ldi	r30, 0x35	; 53
    20bc:	f0 e0       	ldi	r31, 0x00	; 0
    20be:	80 91 6d 00 	lds	r24, 0x006D
    20c2:	80 83       	st	Z, r24
        PORTA |= (1 << PA0);  // Second digit in hours
    20c4:	ab e3       	ldi	r26, 0x3B	; 59
    20c6:	b0 e0       	ldi	r27, 0x00	; 0
    20c8:	eb e3       	ldi	r30, 0x3B	; 59
    20ca:	f0 e0       	ldi	r31, 0x00	; 0
    20cc:	80 81       	ld	r24, Z
    20ce:	81 60       	ori	r24, 0x01	; 1
    20d0:	8c 93       	st	X, r24
    20d2:	fe 01       	movw	r30, r28
    20d4:	e3 59       	subi	r30, 0x93	; 147
    20d6:	ff 4f       	sbci	r31, 0xFF	; 255
    20d8:	80 e0       	ldi	r24, 0x00	; 0
    20da:	90 e0       	ldi	r25, 0x00	; 0
    20dc:	a0 ea       	ldi	r26, 0xA0	; 160
    20de:	b0 e4       	ldi	r27, 0x40	; 64
    20e0:	80 83       	st	Z, r24
    20e2:	91 83       	std	Z+1, r25	; 0x01
    20e4:	a2 83       	std	Z+2, r26	; 0x02
    20e6:	b3 83       	std	Z+3, r27	; 0x03
 */
void
_delay_ms(double __ms)
{
	uint16_t __ticks;
	double __tmp = ((F_CPU) / 4e3) * __ms;
    20e8:	8e 01       	movw	r16, r28
    20ea:	07 59       	subi	r16, 0x97	; 151
    20ec:	1f 4f       	sbci	r17, 0xFF	; 255
    20ee:	fe 01       	movw	r30, r28
    20f0:	e3 59       	subi	r30, 0x93	; 147
    20f2:	ff 4f       	sbci	r31, 0xFF	; 255
    20f4:	60 81       	ld	r22, Z
    20f6:	71 81       	ldd	r23, Z+1	; 0x01
    20f8:	82 81       	ldd	r24, Z+2	; 0x02
    20fa:	93 81       	ldd	r25, Z+3	; 0x03
    20fc:	20 e0       	ldi	r18, 0x00	; 0
    20fe:	30 e0       	ldi	r19, 0x00	; 0
    2100:	4a e7       	ldi	r20, 0x7A	; 122
    2102:	55 e4       	ldi	r21, 0x45	; 69
    2104:	0e 94 1f 02 	call	0x43e	; 0x43e <__mulsf3>
    2108:	dc 01       	movw	r26, r24
    210a:	cb 01       	movw	r24, r22
    210c:	f8 01       	movw	r30, r16
    210e:	80 83       	st	Z, r24
    2110:	91 83       	std	Z+1, r25	; 0x01
    2112:	a2 83       	std	Z+2, r26	; 0x02
    2114:	b3 83       	std	Z+3, r27	; 0x03
	if (__tmp < 1.0)
    2116:	fe 01       	movw	r30, r28
    2118:	e7 59       	subi	r30, 0x97	; 151
    211a:	ff 4f       	sbci	r31, 0xFF	; 255
    211c:	60 81       	ld	r22, Z
    211e:	71 81       	ldd	r23, Z+1	; 0x01
    2120:	82 81       	ldd	r24, Z+2	; 0x02
    2122:	93 81       	ldd	r25, Z+3	; 0x03
    2124:	20 e0       	ldi	r18, 0x00	; 0
    2126:	30 e0       	ldi	r19, 0x00	; 0
    2128:	40 e8       	ldi	r20, 0x80	; 128
    212a:	5f e3       	ldi	r21, 0x3F	; 63
    212c:	0e 94 79 03 	call	0x6f2	; 0x6f2 <__ltsf2>
    2130:	88 23       	and	r24, r24
    2132:	44 f4       	brge	.+16     	; 0x2144 <main+0x8a2>
		__ticks = 1;
    2134:	fe 01       	movw	r30, r28
    2136:	e9 59       	subi	r30, 0x99	; 153
    2138:	ff 4f       	sbci	r31, 0xFF	; 255
    213a:	81 e0       	ldi	r24, 0x01	; 1
    213c:	90 e0       	ldi	r25, 0x00	; 0
    213e:	91 83       	std	Z+1, r25	; 0x01
    2140:	80 83       	st	Z, r24
    2142:	64 c0       	rjmp	.+200    	; 0x220c <main+0x96a>
	else if (__tmp > 65535)
    2144:	fe 01       	movw	r30, r28
    2146:	e7 59       	subi	r30, 0x97	; 151
    2148:	ff 4f       	sbci	r31, 0xFF	; 255
    214a:	60 81       	ld	r22, Z
    214c:	71 81       	ldd	r23, Z+1	; 0x01
    214e:	82 81       	ldd	r24, Z+2	; 0x02
    2150:	93 81       	ldd	r25, Z+3	; 0x03
    2152:	20 e0       	ldi	r18, 0x00	; 0
    2154:	3f ef       	ldi	r19, 0xFF	; 255
    2156:	4f e7       	ldi	r20, 0x7F	; 127
    2158:	57 e4       	ldi	r21, 0x47	; 71
    215a:	0e 94 19 03 	call	0x632	; 0x632 <__gtsf2>
    215e:	18 16       	cp	r1, r24
    2160:	0c f0       	brlt	.+2      	; 0x2164 <main+0x8c2>
    2162:	43 c0       	rjmp	.+134    	; 0x21ea <main+0x948>
	{
		//	__ticks = requested delay in 1/10 ms
		__ticks = (uint16_t) (__ms * 10.0);
    2164:	fe 01       	movw	r30, r28
    2166:	e3 59       	subi	r30, 0x93	; 147
    2168:	ff 4f       	sbci	r31, 0xFF	; 255
    216a:	60 81       	ld	r22, Z
    216c:	71 81       	ldd	r23, Z+1	; 0x01
    216e:	82 81       	ldd	r24, Z+2	; 0x02
    2170:	93 81       	ldd	r25, Z+3	; 0x03
    2172:	20 e0       	ldi	r18, 0x00	; 0
    2174:	30 e0       	ldi	r19, 0x00	; 0
    2176:	40 e2       	ldi	r20, 0x20	; 32
    2178:	51 e4       	ldi	r21, 0x41	; 65
    217a:	0e 94 1f 02 	call	0x43e	; 0x43e <__mulsf3>
    217e:	dc 01       	movw	r26, r24
    2180:	cb 01       	movw	r24, r22
    2182:	8e 01       	movw	r16, r28
    2184:	09 59       	subi	r16, 0x99	; 153
    2186:	1f 4f       	sbci	r17, 0xFF	; 255
    2188:	bc 01       	movw	r22, r24
    218a:	cd 01       	movw	r24, r26
    218c:	0e 94 49 00 	call	0x92	; 0x92 <__fixunssfsi>
    2190:	dc 01       	movw	r26, r24
    2192:	cb 01       	movw	r24, r22
    2194:	f8 01       	movw	r30, r16
    2196:	91 83       	std	Z+1, r25	; 0x01
    2198:	80 83       	st	Z, r24
    219a:	1f c0       	rjmp	.+62     	; 0x21da <main+0x938>
    219c:	fe 01       	movw	r30, r28
    219e:	eb 59       	subi	r30, 0x9B	; 155
    21a0:	ff 4f       	sbci	r31, 0xFF	; 255
    21a2:	80 e9       	ldi	r24, 0x90	; 144
    21a4:	91 e0       	ldi	r25, 0x01	; 1
    21a6:	91 83       	std	Z+1, r25	; 0x01
    21a8:	80 83       	st	Z, r24
    21aa:	fe 01       	movw	r30, r28
    21ac:	eb 59       	subi	r30, 0x9B	; 155
    21ae:	ff 4f       	sbci	r31, 0xFF	; 255
    21b0:	80 81       	ld	r24, Z
    21b2:	91 81       	ldd	r25, Z+1	; 0x01
    21b4:	01 97       	sbiw	r24, 0x01	; 1
    21b6:	f1 f7       	brne	.-4      	; 0x21b4 <main+0x912>
    21b8:	fe 01       	movw	r30, r28
    21ba:	eb 59       	subi	r30, 0x9B	; 155
    21bc:	ff 4f       	sbci	r31, 0xFF	; 255
    21be:	91 83       	std	Z+1, r25	; 0x01
    21c0:	80 83       	st	Z, r24
		while(__ticks)
		{
			// wait 1/10 ms
			_delay_loop_2(((F_CPU) / 4e3) / 10);
			__ticks --;
    21c2:	de 01       	movw	r26, r28
    21c4:	a9 59       	subi	r26, 0x99	; 153
    21c6:	bf 4f       	sbci	r27, 0xFF	; 255
    21c8:	fe 01       	movw	r30, r28
    21ca:	e9 59       	subi	r30, 0x99	; 153
    21cc:	ff 4f       	sbci	r31, 0xFF	; 255
    21ce:	80 81       	ld	r24, Z
    21d0:	91 81       	ldd	r25, Z+1	; 0x01
    21d2:	01 97       	sbiw	r24, 0x01	; 1
    21d4:	11 96       	adiw	r26, 0x01	; 1
    21d6:	9c 93       	st	X, r25
    21d8:	8e 93       	st	-X, r24
		__ticks = 1;
	else if (__tmp > 65535)
	{
		//	__ticks = requested delay in 1/10 ms
		__ticks = (uint16_t) (__ms * 10.0);
		while(__ticks)
    21da:	fe 01       	movw	r30, r28
    21dc:	e9 59       	subi	r30, 0x99	; 153
    21de:	ff 4f       	sbci	r31, 0xFF	; 255
    21e0:	80 81       	ld	r24, Z
    21e2:	91 81       	ldd	r25, Z+1	; 0x01
    21e4:	00 97       	sbiw	r24, 0x00	; 0
    21e6:	d1 f6       	brne	.-76     	; 0x219c <main+0x8fa>
    21e8:	27 c0       	rjmp	.+78     	; 0x2238 <main+0x996>
			__ticks --;
		}
		return;
	}
	else
		__ticks = (uint16_t)__tmp;
    21ea:	8e 01       	movw	r16, r28
    21ec:	09 59       	subi	r16, 0x99	; 153
    21ee:	1f 4f       	sbci	r17, 0xFF	; 255
    21f0:	fe 01       	movw	r30, r28
    21f2:	e7 59       	subi	r30, 0x97	; 151
    21f4:	ff 4f       	sbci	r31, 0xFF	; 255
    21f6:	60 81       	ld	r22, Z
    21f8:	71 81       	ldd	r23, Z+1	; 0x01
    21fa:	82 81       	ldd	r24, Z+2	; 0x02
    21fc:	93 81       	ldd	r25, Z+3	; 0x03
    21fe:	0e 94 49 00 	call	0x92	; 0x92 <__fixunssfsi>
    2202:	dc 01       	movw	r26, r24
    2204:	cb 01       	movw	r24, r22
    2206:	f8 01       	movw	r30, r16
    2208:	91 83       	std	Z+1, r25	; 0x01
    220a:	80 83       	st	Z, r24
    220c:	de 01       	movw	r26, r28
    220e:	ad 59       	subi	r26, 0x9D	; 157
    2210:	bf 4f       	sbci	r27, 0xFF	; 255
    2212:	fe 01       	movw	r30, r28
    2214:	e9 59       	subi	r30, 0x99	; 153
    2216:	ff 4f       	sbci	r31, 0xFF	; 255
    2218:	80 81       	ld	r24, Z
    221a:	91 81       	ldd	r25, Z+1	; 0x01
    221c:	8d 93       	st	X+, r24
    221e:	9c 93       	st	X, r25
    2220:	fe 01       	movw	r30, r28
    2222:	ed 59       	subi	r30, 0x9D	; 157
    2224:	ff 4f       	sbci	r31, 0xFF	; 255
    2226:	80 81       	ld	r24, Z
    2228:	91 81       	ldd	r25, Z+1	; 0x01
    222a:	01 97       	sbiw	r24, 0x01	; 1
    222c:	f1 f7       	brne	.-4      	; 0x222a <main+0x988>
    222e:	fe 01       	movw	r30, r28
    2230:	ed 59       	subi	r30, 0x9D	; 157
    2232:	ff 4f       	sbci	r31, 0xFF	; 255
    2234:	91 83       	std	Z+1, r25	; 0x01
    2236:	80 83       	st	Z, r24
        _delay_ms(5);
        PORTA &= ~(1 << PA0);
    2238:	ab e3       	ldi	r26, 0x3B	; 59
    223a:	b0 e0       	ldi	r27, 0x00	; 0
    223c:	eb e3       	ldi	r30, 0x3B	; 59
    223e:	f0 e0       	ldi	r31, 0x00	; 0
    2240:	80 81       	ld	r24, Z
    2242:	8e 7f       	andi	r24, 0xFE	; 254
    2244:	8c 93       	st	X, r24

        // Check all buttons
        if (!(PINB & (1 << PB7))) {  // Increment/decrement the counter
    2246:	e6 e3       	ldi	r30, 0x36	; 54
    2248:	f0 e0       	ldi	r31, 0x00	; 0
    224a:	80 81       	ld	r24, Z
    224c:	88 23       	and	r24, r24
    224e:	0c f4       	brge	.+2      	; 0x2252 <main+0x9b0>
    2250:	bf c0       	rjmp	.+382    	; 0x23d0 <main+0xb2e>
    2252:	fe 01       	movw	r30, r28
    2254:	e1 5a       	subi	r30, 0xA1	; 161
    2256:	ff 4f       	sbci	r31, 0xFF	; 255
    2258:	80 e0       	ldi	r24, 0x00	; 0
    225a:	90 e0       	ldi	r25, 0x00	; 0
    225c:	a8 ec       	ldi	r26, 0xC8	; 200
    225e:	b2 e4       	ldi	r27, 0x42	; 66
    2260:	80 83       	st	Z, r24
    2262:	91 83       	std	Z+1, r25	; 0x01
    2264:	a2 83       	std	Z+2, r26	; 0x02
    2266:	b3 83       	std	Z+3, r27	; 0x03
 */
void
_delay_ms(double __ms)
{
	uint16_t __ticks;
	double __tmp = ((F_CPU) / 4e3) * __ms;
    2268:	8e 01       	movw	r16, r28
    226a:	05 5a       	subi	r16, 0xA5	; 165
    226c:	1f 4f       	sbci	r17, 0xFF	; 255
    226e:	fe 01       	movw	r30, r28
    2270:	e1 5a       	subi	r30, 0xA1	; 161
    2272:	ff 4f       	sbci	r31, 0xFF	; 255
    2274:	60 81       	ld	r22, Z
    2276:	71 81       	ldd	r23, Z+1	; 0x01
    2278:	82 81       	ldd	r24, Z+2	; 0x02
    227a:	93 81       	ldd	r25, Z+3	; 0x03
    227c:	20 e0       	ldi	r18, 0x00	; 0
    227e:	30 e0       	ldi	r19, 0x00	; 0
    2280:	4a e7       	ldi	r20, 0x7A	; 122
    2282:	55 e4       	ldi	r21, 0x45	; 69
    2284:	0e 94 1f 02 	call	0x43e	; 0x43e <__mulsf3>
    2288:	dc 01       	movw	r26, r24
    228a:	cb 01       	movw	r24, r22
    228c:	f8 01       	movw	r30, r16
    228e:	80 83       	st	Z, r24
    2290:	91 83       	std	Z+1, r25	; 0x01
    2292:	a2 83       	std	Z+2, r26	; 0x02
    2294:	b3 83       	std	Z+3, r27	; 0x03
	if (__tmp < 1.0)
    2296:	fe 01       	movw	r30, r28
    2298:	e5 5a       	subi	r30, 0xA5	; 165
    229a:	ff 4f       	sbci	r31, 0xFF	; 255
    229c:	60 81       	ld	r22, Z
    229e:	71 81       	ldd	r23, Z+1	; 0x01
    22a0:	82 81       	ldd	r24, Z+2	; 0x02
    22a2:	93 81       	ldd	r25, Z+3	; 0x03
    22a4:	20 e0       	ldi	r18, 0x00	; 0
    22a6:	30 e0       	ldi	r19, 0x00	; 0
    22a8:	40 e8       	ldi	r20, 0x80	; 128
    22aa:	5f e3       	ldi	r21, 0x3F	; 63
    22ac:	0e 94 79 03 	call	0x6f2	; 0x6f2 <__ltsf2>
    22b0:	88 23       	and	r24, r24
    22b2:	44 f4       	brge	.+16     	; 0x22c4 <main+0xa22>
		__ticks = 1;
    22b4:	fe 01       	movw	r30, r28
    22b6:	e7 5a       	subi	r30, 0xA7	; 167
    22b8:	ff 4f       	sbci	r31, 0xFF	; 255
    22ba:	81 e0       	ldi	r24, 0x01	; 1
    22bc:	90 e0       	ldi	r25, 0x00	; 0
    22be:	91 83       	std	Z+1, r25	; 0x01
    22c0:	80 83       	st	Z, r24
    22c2:	64 c0       	rjmp	.+200    	; 0x238c <main+0xaea>
	else if (__tmp > 65535)
    22c4:	fe 01       	movw	r30, r28
    22c6:	e5 5a       	subi	r30, 0xA5	; 165
    22c8:	ff 4f       	sbci	r31, 0xFF	; 255
    22ca:	60 81       	ld	r22, Z
    22cc:	71 81       	ldd	r23, Z+1	; 0x01
    22ce:	82 81       	ldd	r24, Z+2	; 0x02
    22d0:	93 81       	ldd	r25, Z+3	; 0x03
    22d2:	20 e0       	ldi	r18, 0x00	; 0
    22d4:	3f ef       	ldi	r19, 0xFF	; 255
    22d6:	4f e7       	ldi	r20, 0x7F	; 127
    22d8:	57 e4       	ldi	r21, 0x47	; 71
    22da:	0e 94 19 03 	call	0x632	; 0x632 <__gtsf2>
    22de:	18 16       	cp	r1, r24
    22e0:	0c f0       	brlt	.+2      	; 0x22e4 <main+0xa42>
    22e2:	43 c0       	rjmp	.+134    	; 0x236a <main+0xac8>
	{
		//	__ticks = requested delay in 1/10 ms
		__ticks = (uint16_t) (__ms * 10.0);
    22e4:	fe 01       	movw	r30, r28
    22e6:	e1 5a       	subi	r30, 0xA1	; 161
    22e8:	ff 4f       	sbci	r31, 0xFF	; 255
    22ea:	60 81       	ld	r22, Z
    22ec:	71 81       	ldd	r23, Z+1	; 0x01
    22ee:	82 81       	ldd	r24, Z+2	; 0x02
    22f0:	93 81       	ldd	r25, Z+3	; 0x03
    22f2:	20 e0       	ldi	r18, 0x00	; 0
    22f4:	30 e0       	ldi	r19, 0x00	; 0
    22f6:	40 e2       	ldi	r20, 0x20	; 32
    22f8:	51 e4       	ldi	r21, 0x41	; 65
    22fa:	0e 94 1f 02 	call	0x43e	; 0x43e <__mulsf3>
    22fe:	dc 01       	movw	r26, r24
    2300:	cb 01       	movw	r24, r22
    2302:	8e 01       	movw	r16, r28
    2304:	07 5a       	subi	r16, 0xA7	; 167
    2306:	1f 4f       	sbci	r17, 0xFF	; 255
    2308:	bc 01       	movw	r22, r24
    230a:	cd 01       	movw	r24, r26
    230c:	0e 94 49 00 	call	0x92	; 0x92 <__fixunssfsi>
    2310:	dc 01       	movw	r26, r24
    2312:	cb 01       	movw	r24, r22
    2314:	f8 01       	movw	r30, r16
    2316:	91 83       	std	Z+1, r25	; 0x01
    2318:	80 83       	st	Z, r24
    231a:	1f c0       	rjmp	.+62     	; 0x235a <main+0xab8>
    231c:	fe 01       	movw	r30, r28
    231e:	e9 5a       	subi	r30, 0xA9	; 169
    2320:	ff 4f       	sbci	r31, 0xFF	; 255
    2322:	80 e9       	ldi	r24, 0x90	; 144
    2324:	91 e0       	ldi	r25, 0x01	; 1
    2326:	91 83       	std	Z+1, r25	; 0x01
    2328:	80 83       	st	Z, r24
    232a:	fe 01       	movw	r30, r28
    232c:	e9 5a       	subi	r30, 0xA9	; 169
    232e:	ff 4f       	sbci	r31, 0xFF	; 255
    2330:	80 81       	ld	r24, Z
    2332:	91 81       	ldd	r25, Z+1	; 0x01
    2334:	01 97       	sbiw	r24, 0x01	; 1
    2336:	f1 f7       	brne	.-4      	; 0x2334 <main+0xa92>
    2338:	fe 01       	movw	r30, r28
    233a:	e9 5a       	subi	r30, 0xA9	; 169
    233c:	ff 4f       	sbci	r31, 0xFF	; 255
    233e:	91 83       	std	Z+1, r25	; 0x01
    2340:	80 83       	st	Z, r24
		while(__ticks)
		{
			// wait 1/10 ms
			_delay_loop_2(((F_CPU) / 4e3) / 10);
			__ticks --;
    2342:	de 01       	movw	r26, r28
    2344:	a7 5a       	subi	r26, 0xA7	; 167
    2346:	bf 4f       	sbci	r27, 0xFF	; 255
    2348:	fe 01       	movw	r30, r28
    234a:	e7 5a       	subi	r30, 0xA7	; 167
    234c:	ff 4f       	sbci	r31, 0xFF	; 255
    234e:	80 81       	ld	r24, Z
    2350:	91 81       	ldd	r25, Z+1	; 0x01
    2352:	01 97       	sbiw	r24, 0x01	; 1
    2354:	11 96       	adiw	r26, 0x01	; 1
    2356:	9c 93       	st	X, r25
    2358:	8e 93       	st	-X, r24
		__ticks = 1;
	else if (__tmp > 65535)
	{
		//	__ticks = requested delay in 1/10 ms
		__ticks = (uint16_t) (__ms * 10.0);
		while(__ticks)
    235a:	fe 01       	movw	r30, r28
    235c:	e7 5a       	subi	r30, 0xA7	; 167
    235e:	ff 4f       	sbci	r31, 0xFF	; 255
    2360:	80 81       	ld	r24, Z
    2362:	91 81       	ldd	r25, Z+1	; 0x01
    2364:	00 97       	sbiw	r24, 0x00	; 0
    2366:	d1 f6       	brne	.-76     	; 0x231c <main+0xa7a>
    2368:	28 c0       	rjmp	.+80     	; 0x23ba <main+0xb18>
			__ticks --;
		}
		return;
	}
	else
		__ticks = (uint16_t)__tmp;
    236a:	8e 01       	movw	r16, r28
    236c:	07 5a       	subi	r16, 0xA7	; 167
    236e:	1f 4f       	sbci	r17, 0xFF	; 255
    2370:	fe 01       	movw	r30, r28
    2372:	e5 5a       	subi	r30, 0xA5	; 165
    2374:	ff 4f       	sbci	r31, 0xFF	; 255
    2376:	60 81       	ld	r22, Z
    2378:	71 81       	ldd	r23, Z+1	; 0x01
    237a:	82 81       	ldd	r24, Z+2	; 0x02
    237c:	93 81       	ldd	r25, Z+3	; 0x03
    237e:	0e 94 49 00 	call	0x92	; 0x92 <__fixunssfsi>
    2382:	dc 01       	movw	r26, r24
    2384:	cb 01       	movw	r24, r22
    2386:	f8 01       	movw	r30, r16
    2388:	91 83       	std	Z+1, r25	; 0x01
    238a:	80 83       	st	Z, r24
    238c:	de 01       	movw	r26, r28
    238e:	ab 5a       	subi	r26, 0xAB	; 171
    2390:	bf 4f       	sbci	r27, 0xFF	; 255
    2392:	fe 01       	movw	r30, r28
    2394:	e7 5a       	subi	r30, 0xA7	; 167
    2396:	ff 4f       	sbci	r31, 0xFF	; 255
    2398:	80 81       	ld	r24, Z
    239a:	91 81       	ldd	r25, Z+1	; 0x01
    239c:	11 96       	adiw	r26, 0x01	; 1
    239e:	9c 93       	st	X, r25
    23a0:	8e 93       	st	-X, r24
    23a2:	fe 01       	movw	r30, r28
    23a4:	eb 5a       	subi	r30, 0xAB	; 171
    23a6:	ff 4f       	sbci	r31, 0xFF	; 255
    23a8:	80 81       	ld	r24, Z
    23aa:	91 81       	ldd	r25, Z+1	; 0x01
    23ac:	01 97       	sbiw	r24, 0x01	; 1
    23ae:	f1 f7       	brne	.-4      	; 0x23ac <main+0xb0a>
    23b0:	fe 01       	movw	r30, r28
    23b2:	eb 5a       	subi	r30, 0xAB	; 171
    23b4:	ff 4f       	sbci	r31, 0xFF	; 255
    23b6:	91 83       	std	Z+1, r25	; 0x01
    23b8:	80 83       	st	Z, r24
            _delay_ms(100);
            if (!(PINB & (1 << PB7))) {  // Avoid de-bouncing
    23ba:	e6 e3       	ldi	r30, 0x36	; 54
    23bc:	f0 e0       	ldi	r31, 0x00	; 0
    23be:	80 81       	ld	r24, Z
    23c0:	88 23       	and	r24, r24
    23c2:	34 f0       	brlt	.+12     	; 0x23d0 <main+0xb2e>
                operation ^= 1;
    23c4:	80 91 6e 00 	lds	r24, 0x006E
    23c8:	91 e0       	ldi	r25, 0x01	; 1
    23ca:	89 27       	eor	r24, r25
    23cc:	80 93 6e 00 	sts	0x006E, r24
            }
        }
        if (!(PINB & (1 << PB1))) {  // Increment the hour counter
    23d0:	e6 e3       	ldi	r30, 0x36	; 54
    23d2:	f0 e0       	ldi	r31, 0x00	; 0
    23d4:	80 81       	ld	r24, Z
    23d6:	88 2f       	mov	r24, r24
    23d8:	90 e0       	ldi	r25, 0x00	; 0
    23da:	82 70       	andi	r24, 0x02	; 2
    23dc:	90 70       	andi	r25, 0x00	; 0
    23de:	00 97       	sbiw	r24, 0x00	; 0
    23e0:	09 f0       	breq	.+2      	; 0x23e4 <main+0xb42>
    23e2:	d5 c0       	rjmp	.+426    	; 0x258e <main+0xcec>
    23e4:	fe 01       	movw	r30, r28
    23e6:	ef 5a       	subi	r30, 0xAF	; 175
    23e8:	ff 4f       	sbci	r31, 0xFF	; 255
    23ea:	80 e0       	ldi	r24, 0x00	; 0
    23ec:	90 e0       	ldi	r25, 0x00	; 0
    23ee:	a8 ec       	ldi	r26, 0xC8	; 200
    23f0:	b2 e4       	ldi	r27, 0x42	; 66
    23f2:	80 83       	st	Z, r24
    23f4:	91 83       	std	Z+1, r25	; 0x01
    23f6:	a2 83       	std	Z+2, r26	; 0x02
    23f8:	b3 83       	std	Z+3, r27	; 0x03
 */
void
_delay_ms(double __ms)
{
	uint16_t __ticks;
	double __tmp = ((F_CPU) / 4e3) * __ms;
    23fa:	8e 01       	movw	r16, r28
    23fc:	03 5b       	subi	r16, 0xB3	; 179
    23fe:	1f 4f       	sbci	r17, 0xFF	; 255
    2400:	fe 01       	movw	r30, r28
    2402:	ef 5a       	subi	r30, 0xAF	; 175
    2404:	ff 4f       	sbci	r31, 0xFF	; 255
    2406:	60 81       	ld	r22, Z
    2408:	71 81       	ldd	r23, Z+1	; 0x01
    240a:	82 81       	ldd	r24, Z+2	; 0x02
    240c:	93 81       	ldd	r25, Z+3	; 0x03
    240e:	20 e0       	ldi	r18, 0x00	; 0
    2410:	30 e0       	ldi	r19, 0x00	; 0
    2412:	4a e7       	ldi	r20, 0x7A	; 122
    2414:	55 e4       	ldi	r21, 0x45	; 69
    2416:	0e 94 1f 02 	call	0x43e	; 0x43e <__mulsf3>
    241a:	dc 01       	movw	r26, r24
    241c:	cb 01       	movw	r24, r22
    241e:	f8 01       	movw	r30, r16
    2420:	80 83       	st	Z, r24
    2422:	91 83       	std	Z+1, r25	; 0x01
    2424:	a2 83       	std	Z+2, r26	; 0x02
    2426:	b3 83       	std	Z+3, r27	; 0x03
	if (__tmp < 1.0)
    2428:	fe 01       	movw	r30, r28
    242a:	e3 5b       	subi	r30, 0xB3	; 179
    242c:	ff 4f       	sbci	r31, 0xFF	; 255
    242e:	60 81       	ld	r22, Z
    2430:	71 81       	ldd	r23, Z+1	; 0x01
    2432:	82 81       	ldd	r24, Z+2	; 0x02
    2434:	93 81       	ldd	r25, Z+3	; 0x03
    2436:	20 e0       	ldi	r18, 0x00	; 0
    2438:	30 e0       	ldi	r19, 0x00	; 0
    243a:	40 e8       	ldi	r20, 0x80	; 128
    243c:	5f e3       	ldi	r21, 0x3F	; 63
    243e:	0e 94 79 03 	call	0x6f2	; 0x6f2 <__ltsf2>
    2442:	88 23       	and	r24, r24
    2444:	44 f4       	brge	.+16     	; 0x2456 <main+0xbb4>
		__ticks = 1;
    2446:	fe 01       	movw	r30, r28
    2448:	e5 5b       	subi	r30, 0xB5	; 181
    244a:	ff 4f       	sbci	r31, 0xFF	; 255
    244c:	81 e0       	ldi	r24, 0x01	; 1
    244e:	90 e0       	ldi	r25, 0x00	; 0
    2450:	91 83       	std	Z+1, r25	; 0x01
    2452:	80 83       	st	Z, r24
    2454:	64 c0       	rjmp	.+200    	; 0x251e <main+0xc7c>
	else if (__tmp > 65535)
    2456:	fe 01       	movw	r30, r28
    2458:	e3 5b       	subi	r30, 0xB3	; 179
    245a:	ff 4f       	sbci	r31, 0xFF	; 255
    245c:	60 81       	ld	r22, Z
    245e:	71 81       	ldd	r23, Z+1	; 0x01
    2460:	82 81       	ldd	r24, Z+2	; 0x02
    2462:	93 81       	ldd	r25, Z+3	; 0x03
    2464:	20 e0       	ldi	r18, 0x00	; 0
    2466:	3f ef       	ldi	r19, 0xFF	; 255
    2468:	4f e7       	ldi	r20, 0x7F	; 127
    246a:	57 e4       	ldi	r21, 0x47	; 71
    246c:	0e 94 19 03 	call	0x632	; 0x632 <__gtsf2>
    2470:	18 16       	cp	r1, r24
    2472:	0c f0       	brlt	.+2      	; 0x2476 <main+0xbd4>
    2474:	43 c0       	rjmp	.+134    	; 0x24fc <main+0xc5a>
	{
		//	__ticks = requested delay in 1/10 ms
		__ticks = (uint16_t) (__ms * 10.0);
    2476:	fe 01       	movw	r30, r28
    2478:	ef 5a       	subi	r30, 0xAF	; 175
    247a:	ff 4f       	sbci	r31, 0xFF	; 255
    247c:	60 81       	ld	r22, Z
    247e:	71 81       	ldd	r23, Z+1	; 0x01
    2480:	82 81       	ldd	r24, Z+2	; 0x02
    2482:	93 81       	ldd	r25, Z+3	; 0x03
    2484:	20 e0       	ldi	r18, 0x00	; 0
    2486:	30 e0       	ldi	r19, 0x00	; 0
    2488:	40 e2       	ldi	r20, 0x20	; 32
    248a:	51 e4       	ldi	r21, 0x41	; 65
    248c:	0e 94 1f 02 	call	0x43e	; 0x43e <__mulsf3>
    2490:	dc 01       	movw	r26, r24
    2492:	cb 01       	movw	r24, r22
    2494:	8e 01       	movw	r16, r28
    2496:	05 5b       	subi	r16, 0xB5	; 181
    2498:	1f 4f       	sbci	r17, 0xFF	; 255
    249a:	bc 01       	movw	r22, r24
    249c:	cd 01       	movw	r24, r26
    249e:	0e 94 49 00 	call	0x92	; 0x92 <__fixunssfsi>
    24a2:	dc 01       	movw	r26, r24
    24a4:	cb 01       	movw	r24, r22
    24a6:	f8 01       	movw	r30, r16
    24a8:	91 83       	std	Z+1, r25	; 0x01
    24aa:	80 83       	st	Z, r24
    24ac:	1f c0       	rjmp	.+62     	; 0x24ec <main+0xc4a>
    24ae:	fe 01       	movw	r30, r28
    24b0:	e7 5b       	subi	r30, 0xB7	; 183
    24b2:	ff 4f       	sbci	r31, 0xFF	; 255
    24b4:	80 e9       	ldi	r24, 0x90	; 144
    24b6:	91 e0       	ldi	r25, 0x01	; 1
    24b8:	91 83       	std	Z+1, r25	; 0x01
    24ba:	80 83       	st	Z, r24
    24bc:	fe 01       	movw	r30, r28
    24be:	e7 5b       	subi	r30, 0xB7	; 183
    24c0:	ff 4f       	sbci	r31, 0xFF	; 255
    24c2:	80 81       	ld	r24, Z
    24c4:	91 81       	ldd	r25, Z+1	; 0x01
    24c6:	01 97       	sbiw	r24, 0x01	; 1
    24c8:	f1 f7       	brne	.-4      	; 0x24c6 <main+0xc24>
    24ca:	fe 01       	movw	r30, r28
    24cc:	e7 5b       	subi	r30, 0xB7	; 183
    24ce:	ff 4f       	sbci	r31, 0xFF	; 255
    24d0:	91 83       	std	Z+1, r25	; 0x01
    24d2:	80 83       	st	Z, r24
		while(__ticks)
		{
			// wait 1/10 ms
			_delay_loop_2(((F_CPU) / 4e3) / 10);
			__ticks --;
    24d4:	de 01       	movw	r26, r28
    24d6:	a5 5b       	subi	r26, 0xB5	; 181
    24d8:	bf 4f       	sbci	r27, 0xFF	; 255
    24da:	fe 01       	movw	r30, r28
    24dc:	e5 5b       	subi	r30, 0xB5	; 181
    24de:	ff 4f       	sbci	r31, 0xFF	; 255
    24e0:	80 81       	ld	r24, Z
    24e2:	91 81       	ldd	r25, Z+1	; 0x01
    24e4:	01 97       	sbiw	r24, 0x01	; 1
    24e6:	11 96       	adiw	r26, 0x01	; 1
    24e8:	9c 93       	st	X, r25
    24ea:	8e 93       	st	-X, r24
		__ticks = 1;
	else if (__tmp > 65535)
	{
		//	__ticks = requested delay in 1/10 ms
		__ticks = (uint16_t) (__ms * 10.0);
		while(__ticks)
    24ec:	fe 01       	movw	r30, r28
    24ee:	e5 5b       	subi	r30, 0xB5	; 181
    24f0:	ff 4f       	sbci	r31, 0xFF	; 255
    24f2:	80 81       	ld	r24, Z
    24f4:	91 81       	ldd	r25, Z+1	; 0x01
    24f6:	00 97       	sbiw	r24, 0x00	; 0
    24f8:	d1 f6       	brne	.-76     	; 0x24ae <main+0xc0c>
    24fa:	28 c0       	rjmp	.+80     	; 0x254c <main+0xcaa>
			__ticks --;
		}
		return;
	}
	else
		__ticks = (uint16_t)__tmp;
    24fc:	8e 01       	movw	r16, r28
    24fe:	05 5b       	subi	r16, 0xB5	; 181
    2500:	1f 4f       	sbci	r17, 0xFF	; 255
    2502:	fe 01       	movw	r30, r28
    2504:	e3 5b       	subi	r30, 0xB3	; 179
    2506:	ff 4f       	sbci	r31, 0xFF	; 255
    2508:	60 81       	ld	r22, Z
    250a:	71 81       	ldd	r23, Z+1	; 0x01
    250c:	82 81       	ldd	r24, Z+2	; 0x02
    250e:	93 81       	ldd	r25, Z+3	; 0x03
    2510:	0e 94 49 00 	call	0x92	; 0x92 <__fixunssfsi>
    2514:	dc 01       	movw	r26, r24
    2516:	cb 01       	movw	r24, r22
    2518:	f8 01       	movw	r30, r16
    251a:	91 83       	std	Z+1, r25	; 0x01
    251c:	80 83       	st	Z, r24
    251e:	de 01       	movw	r26, r28
    2520:	a9 5b       	subi	r26, 0xB9	; 185
    2522:	bf 4f       	sbci	r27, 0xFF	; 255
    2524:	fe 01       	movw	r30, r28
    2526:	e5 5b       	subi	r30, 0xB5	; 181
    2528:	ff 4f       	sbci	r31, 0xFF	; 255
    252a:	80 81       	ld	r24, Z
    252c:	91 81       	ldd	r25, Z+1	; 0x01
    252e:	11 96       	adiw	r26, 0x01	; 1
    2530:	9c 93       	st	X, r25
    2532:	8e 93       	st	-X, r24
    2534:	fe 01       	movw	r30, r28
    2536:	e9 5b       	subi	r30, 0xB9	; 185
    2538:	ff 4f       	sbci	r31, 0xFF	; 255
    253a:	80 81       	ld	r24, Z
    253c:	91 81       	ldd	r25, Z+1	; 0x01
    253e:	01 97       	sbiw	r24, 0x01	; 1
    2540:	f1 f7       	brne	.-4      	; 0x253e <main+0xc9c>
    2542:	fe 01       	movw	r30, r28
    2544:	e9 5b       	subi	r30, 0xB9	; 185
    2546:	ff 4f       	sbci	r31, 0xFF	; 255
    2548:	91 83       	std	Z+1, r25	; 0x01
    254a:	80 83       	st	Z, r24
            _delay_ms(100);
            if (!(PINB & (1 << PB1))) {  // Avoid de-bouncing
    254c:	e6 e3       	ldi	r30, 0x36	; 54
    254e:	f0 e0       	ldi	r31, 0x00	; 0
    2550:	80 81       	ld	r24, Z
    2552:	88 2f       	mov	r24, r24
    2554:	90 e0       	ldi	r25, 0x00	; 0
    2556:	82 70       	andi	r24, 0x02	; 2
    2558:	90 70       	andi	r25, 0x00	; 0
    255a:	00 97       	sbiw	r24, 0x00	; 0
    255c:	c1 f4       	brne	.+48     	; 0x258e <main+0xcec>
                hr_units++;
    255e:	80 91 6c 00 	lds	r24, 0x006C
    2562:	8f 5f       	subi	r24, 0xFF	; 255
    2564:	80 93 6c 00 	sts	0x006C, r24
                if (hr_units > 9) {
    2568:	80 91 6c 00 	lds	r24, 0x006C
    256c:	8a 30       	cpi	r24, 0x0A	; 10
    256e:	78 f0       	brcs	.+30     	; 0x258e <main+0xcec>
                    hr_units = 0;
    2570:	10 92 6c 00 	sts	0x006C, r1
                    hr_tens++;
    2574:	80 91 6d 00 	lds	r24, 0x006D
    2578:	8f 5f       	subi	r24, 0xFF	; 255
    257a:	80 93 6d 00 	sts	0x006D, r24
                    if (hr_tens > 9) {
    257e:	80 91 6d 00 	lds	r24, 0x006D
    2582:	8a 30       	cpi	r24, 0x0A	; 10
    2584:	20 f0       	brcs	.+8      	; 0x258e <main+0xcec>
                        hr_tens = 0;
    2586:	10 92 6d 00 	sts	0x006D, r1
                        hr_units = 0;
    258a:	10 92 6c 00 	sts	0x006C, r1
                    }
                }
            }
        }
        if (!(PINB & (1 << PB0))) {  // Decrement the hour counter
    258e:	e6 e3       	ldi	r30, 0x36	; 54
    2590:	f0 e0       	ldi	r31, 0x00	; 0
    2592:	80 81       	ld	r24, Z
    2594:	88 2f       	mov	r24, r24
    2596:	90 e0       	ldi	r25, 0x00	; 0
    2598:	81 70       	andi	r24, 0x01	; 1
    259a:	90 70       	andi	r25, 0x00	; 0
    259c:	00 97       	sbiw	r24, 0x00	; 0
    259e:	09 f0       	breq	.+2      	; 0x25a2 <main+0xd00>
    25a0:	b3 c0       	rjmp	.+358    	; 0x2708 <main+0xe66>
    25a2:	fe 01       	movw	r30, r28
    25a4:	ed 5b       	subi	r30, 0xBD	; 189
    25a6:	ff 4f       	sbci	r31, 0xFF	; 255
    25a8:	80 e0       	ldi	r24, 0x00	; 0
    25aa:	90 e0       	ldi	r25, 0x00	; 0
    25ac:	a8 ec       	ldi	r26, 0xC8	; 200
    25ae:	b2 e4       	ldi	r27, 0x42	; 66
    25b0:	80 83       	st	Z, r24
    25b2:	91 83       	std	Z+1, r25	; 0x01
    25b4:	a2 83       	std	Z+2, r26	; 0x02
    25b6:	b3 83       	std	Z+3, r27	; 0x03
 */
void
_delay_ms(double __ms)
{
	uint16_t __ticks;
	double __tmp = ((F_CPU) / 4e3) * __ms;
    25b8:	8e 01       	movw	r16, r28
    25ba:	01 5c       	subi	r16, 0xC1	; 193
    25bc:	1f 4f       	sbci	r17, 0xFF	; 255
    25be:	fe 01       	movw	r30, r28
    25c0:	ed 5b       	subi	r30, 0xBD	; 189
    25c2:	ff 4f       	sbci	r31, 0xFF	; 255
    25c4:	60 81       	ld	r22, Z
    25c6:	71 81       	ldd	r23, Z+1	; 0x01
    25c8:	82 81       	ldd	r24, Z+2	; 0x02
    25ca:	93 81       	ldd	r25, Z+3	; 0x03
    25cc:	20 e0       	ldi	r18, 0x00	; 0
    25ce:	30 e0       	ldi	r19, 0x00	; 0
    25d0:	4a e7       	ldi	r20, 0x7A	; 122
    25d2:	55 e4       	ldi	r21, 0x45	; 69
    25d4:	0e 94 1f 02 	call	0x43e	; 0x43e <__mulsf3>
    25d8:	dc 01       	movw	r26, r24
    25da:	cb 01       	movw	r24, r22
    25dc:	f8 01       	movw	r30, r16
    25de:	80 83       	st	Z, r24
    25e0:	91 83       	std	Z+1, r25	; 0x01
    25e2:	a2 83       	std	Z+2, r26	; 0x02
    25e4:	b3 83       	std	Z+3, r27	; 0x03
	if (__tmp < 1.0)
    25e6:	fe 01       	movw	r30, r28
    25e8:	ff 96       	adiw	r30, 0x3f	; 63
    25ea:	60 81       	ld	r22, Z
    25ec:	71 81       	ldd	r23, Z+1	; 0x01
    25ee:	82 81       	ldd	r24, Z+2	; 0x02
    25f0:	93 81       	ldd	r25, Z+3	; 0x03
    25f2:	20 e0       	ldi	r18, 0x00	; 0
    25f4:	30 e0       	ldi	r19, 0x00	; 0
    25f6:	40 e8       	ldi	r20, 0x80	; 128
    25f8:	5f e3       	ldi	r21, 0x3F	; 63
    25fa:	0e 94 79 03 	call	0x6f2	; 0x6f2 <__ltsf2>
    25fe:	88 23       	and	r24, r24
    2600:	2c f4       	brge	.+10     	; 0x260c <main+0xd6a>
		__ticks = 1;
    2602:	81 e0       	ldi	r24, 0x01	; 1
    2604:	90 e0       	ldi	r25, 0x00	; 0
    2606:	9e af       	std	Y+62, r25	; 0x3e
    2608:	8d af       	std	Y+61, r24	; 0x3d
    260a:	46 c0       	rjmp	.+140    	; 0x2698 <main+0xdf6>
	else if (__tmp > 65535)
    260c:	fe 01       	movw	r30, r28
    260e:	ff 96       	adiw	r30, 0x3f	; 63
    2610:	60 81       	ld	r22, Z
    2612:	71 81       	ldd	r23, Z+1	; 0x01
    2614:	82 81       	ldd	r24, Z+2	; 0x02
    2616:	93 81       	ldd	r25, Z+3	; 0x03
    2618:	20 e0       	ldi	r18, 0x00	; 0
    261a:	3f ef       	ldi	r19, 0xFF	; 255
    261c:	4f e7       	ldi	r20, 0x7F	; 127
    261e:	57 e4       	ldi	r21, 0x47	; 71
    2620:	0e 94 19 03 	call	0x632	; 0x632 <__gtsf2>
    2624:	18 16       	cp	r1, r24
    2626:	64 f5       	brge	.+88     	; 0x2680 <main+0xdde>
	{
		//	__ticks = requested delay in 1/10 ms
		__ticks = (uint16_t) (__ms * 10.0);
    2628:	fe 01       	movw	r30, r28
    262a:	ed 5b       	subi	r30, 0xBD	; 189
    262c:	ff 4f       	sbci	r31, 0xFF	; 255
    262e:	60 81       	ld	r22, Z
    2630:	71 81       	ldd	r23, Z+1	; 0x01
    2632:	82 81       	ldd	r24, Z+2	; 0x02
    2634:	93 81       	ldd	r25, Z+3	; 0x03
    2636:	20 e0       	ldi	r18, 0x00	; 0
    2638:	30 e0       	ldi	r19, 0x00	; 0
    263a:	40 e2       	ldi	r20, 0x20	; 32
    263c:	51 e4       	ldi	r21, 0x41	; 65
    263e:	0e 94 1f 02 	call	0x43e	; 0x43e <__mulsf3>
    2642:	dc 01       	movw	r26, r24
    2644:	cb 01       	movw	r24, r22
    2646:	bc 01       	movw	r22, r24
    2648:	cd 01       	movw	r24, r26
    264a:	0e 94 49 00 	call	0x92	; 0x92 <__fixunssfsi>
    264e:	dc 01       	movw	r26, r24
    2650:	cb 01       	movw	r24, r22
    2652:	9e af       	std	Y+62, r25	; 0x3e
    2654:	8d af       	std	Y+61, r24	; 0x3d
    2656:	0f c0       	rjmp	.+30     	; 0x2676 <main+0xdd4>
    2658:	80 e9       	ldi	r24, 0x90	; 144
    265a:	91 e0       	ldi	r25, 0x01	; 1
    265c:	9c af       	std	Y+60, r25	; 0x3c
    265e:	8b af       	std	Y+59, r24	; 0x3b
    2660:	8b ad       	ldd	r24, Y+59	; 0x3b
    2662:	9c ad       	ldd	r25, Y+60	; 0x3c
    2664:	01 97       	sbiw	r24, 0x01	; 1
    2666:	f1 f7       	brne	.-4      	; 0x2664 <main+0xdc2>
    2668:	9c af       	std	Y+60, r25	; 0x3c
    266a:	8b af       	std	Y+59, r24	; 0x3b
		while(__ticks)
		{
			// wait 1/10 ms
			_delay_loop_2(((F_CPU) / 4e3) / 10);
			__ticks --;
    266c:	8d ad       	ldd	r24, Y+61	; 0x3d
    266e:	9e ad       	ldd	r25, Y+62	; 0x3e
    2670:	01 97       	sbiw	r24, 0x01	; 1
    2672:	9e af       	std	Y+62, r25	; 0x3e
    2674:	8d af       	std	Y+61, r24	; 0x3d
		__ticks = 1;
	else if (__tmp > 65535)
	{
		//	__ticks = requested delay in 1/10 ms
		__ticks = (uint16_t) (__ms * 10.0);
		while(__ticks)
    2676:	8d ad       	ldd	r24, Y+61	; 0x3d
    2678:	9e ad       	ldd	r25, Y+62	; 0x3e
    267a:	00 97       	sbiw	r24, 0x00	; 0
    267c:	69 f7       	brne	.-38     	; 0x2658 <main+0xdb6>
    267e:	16 c0       	rjmp	.+44     	; 0x26ac <main+0xe0a>
			__ticks --;
		}
		return;
	}
	else
		__ticks = (uint16_t)__tmp;
    2680:	fe 01       	movw	r30, r28
    2682:	ff 96       	adiw	r30, 0x3f	; 63
    2684:	60 81       	ld	r22, Z
    2686:	71 81       	ldd	r23, Z+1	; 0x01
    2688:	82 81       	ldd	r24, Z+2	; 0x02
    268a:	93 81       	ldd	r25, Z+3	; 0x03
    268c:	0e 94 49 00 	call	0x92	; 0x92 <__fixunssfsi>
    2690:	dc 01       	movw	r26, r24
    2692:	cb 01       	movw	r24, r22
    2694:	9e af       	std	Y+62, r25	; 0x3e
    2696:	8d af       	std	Y+61, r24	; 0x3d
    2698:	8d ad       	ldd	r24, Y+61	; 0x3d
    269a:	9e ad       	ldd	r25, Y+62	; 0x3e
    269c:	9a af       	std	Y+58, r25	; 0x3a
    269e:	89 af       	std	Y+57, r24	; 0x39
    26a0:	89 ad       	ldd	r24, Y+57	; 0x39
    26a2:	9a ad       	ldd	r25, Y+58	; 0x3a
    26a4:	01 97       	sbiw	r24, 0x01	; 1
    26a6:	f1 f7       	brne	.-4      	; 0x26a4 <main+0xe02>
    26a8:	9a af       	std	Y+58, r25	; 0x3a
    26aa:	89 af       	std	Y+57, r24	; 0x39
            _delay_ms(100);
            if (!(PINB & (1 << PB0))) {  // Avoid de-bouncing
    26ac:	e6 e3       	ldi	r30, 0x36	; 54
    26ae:	f0 e0       	ldi	r31, 0x00	; 0
    26b0:	80 81       	ld	r24, Z
    26b2:	88 2f       	mov	r24, r24
    26b4:	90 e0       	ldi	r25, 0x00	; 0
    26b6:	81 70       	andi	r24, 0x01	; 1
    26b8:	90 70       	andi	r25, 0x00	; 0
    26ba:	00 97       	sbiw	r24, 0x00	; 0
    26bc:	29 f5       	brne	.+74     	; 0x2708 <main+0xe66>
                hr_units--;
    26be:	80 91 6c 00 	lds	r24, 0x006C
    26c2:	81 50       	subi	r24, 0x01	; 1
    26c4:	80 93 6c 00 	sts	0x006C, r24
                if ((hr_units & 0x0F) > 9) {
    26c8:	80 91 6c 00 	lds	r24, 0x006C
    26cc:	88 2f       	mov	r24, r24
    26ce:	90 e0       	ldi	r25, 0x00	; 0
    26d0:	8f 70       	andi	r24, 0x0F	; 15
    26d2:	90 70       	andi	r25, 0x00	; 0
    26d4:	8a 30       	cpi	r24, 0x0A	; 10
    26d6:	91 05       	cpc	r25, r1
    26d8:	bc f0       	brlt	.+46     	; 0x2708 <main+0xe66>
                    hr_units = 9;
    26da:	89 e0       	ldi	r24, 0x09	; 9
    26dc:	80 93 6c 00 	sts	0x006C, r24
                    hr_tens--;
    26e0:	80 91 6d 00 	lds	r24, 0x006D
    26e4:	81 50       	subi	r24, 0x01	; 1
    26e6:	80 93 6d 00 	sts	0x006D, r24
                    if ((hr_tens & 0x0F) > 9) {
    26ea:	80 91 6d 00 	lds	r24, 0x006D
    26ee:	88 2f       	mov	r24, r24
    26f0:	90 e0       	ldi	r25, 0x00	; 0
    26f2:	8f 70       	andi	r24, 0x0F	; 15
    26f4:	90 70       	andi	r25, 0x00	; 0
    26f6:	8a 30       	cpi	r24, 0x0A	; 10
    26f8:	91 05       	cpc	r25, r1
    26fa:	34 f0       	brlt	.+12     	; 0x2708 <main+0xe66>
                        hr_tens = 9;
    26fc:	89 e0       	ldi	r24, 0x09	; 9
    26fe:	80 93 6d 00 	sts	0x006D, r24
                        hr_units = 9;
    2702:	89 e0       	ldi	r24, 0x09	; 9
    2704:	80 93 6c 00 	sts	0x006C, r24
                    }
                }
            }
        }
        if (!(PINB & (1 << PB4))) {  // Increment the minutes counter
    2708:	e6 e3       	ldi	r30, 0x36	; 54
    270a:	f0 e0       	ldi	r31, 0x00	; 0
    270c:	80 81       	ld	r24, Z
    270e:	88 2f       	mov	r24, r24
    2710:	90 e0       	ldi	r25, 0x00	; 0
    2712:	80 71       	andi	r24, 0x10	; 16
    2714:	90 70       	andi	r25, 0x00	; 0
    2716:	00 97       	sbiw	r24, 0x00	; 0
    2718:	09 f0       	breq	.+2      	; 0x271c <main+0xe7a>
    271a:	93 c0       	rjmp	.+294    	; 0x2842 <main+0xfa0>
    271c:	80 e0       	ldi	r24, 0x00	; 0
    271e:	90 e0       	ldi	r25, 0x00	; 0
    2720:	a8 ec       	ldi	r26, 0xC8	; 200
    2722:	b2 e4       	ldi	r27, 0x42	; 66
    2724:	8d ab       	std	Y+53, r24	; 0x35
    2726:	9e ab       	std	Y+54, r25	; 0x36
    2728:	af ab       	std	Y+55, r26	; 0x37
    272a:	b8 af       	std	Y+56, r27	; 0x38
 */
void
_delay_ms(double __ms)
{
	uint16_t __ticks;
	double __tmp = ((F_CPU) / 4e3) * __ms;
    272c:	6d a9       	ldd	r22, Y+53	; 0x35
    272e:	7e a9       	ldd	r23, Y+54	; 0x36
    2730:	8f a9       	ldd	r24, Y+55	; 0x37
    2732:	98 ad       	ldd	r25, Y+56	; 0x38
    2734:	20 e0       	ldi	r18, 0x00	; 0
    2736:	30 e0       	ldi	r19, 0x00	; 0
    2738:	4a e7       	ldi	r20, 0x7A	; 122
    273a:	55 e4       	ldi	r21, 0x45	; 69
    273c:	0e 94 1f 02 	call	0x43e	; 0x43e <__mulsf3>
    2740:	dc 01       	movw	r26, r24
    2742:	cb 01       	movw	r24, r22
    2744:	89 ab       	std	Y+49, r24	; 0x31
    2746:	9a ab       	std	Y+50, r25	; 0x32
    2748:	ab ab       	std	Y+51, r26	; 0x33
    274a:	bc ab       	std	Y+52, r27	; 0x34
	if (__tmp < 1.0)
    274c:	69 a9       	ldd	r22, Y+49	; 0x31
    274e:	7a a9       	ldd	r23, Y+50	; 0x32
    2750:	8b a9       	ldd	r24, Y+51	; 0x33
    2752:	9c a9       	ldd	r25, Y+52	; 0x34
    2754:	20 e0       	ldi	r18, 0x00	; 0
    2756:	30 e0       	ldi	r19, 0x00	; 0
    2758:	40 e8       	ldi	r20, 0x80	; 128
    275a:	5f e3       	ldi	r21, 0x3F	; 63
    275c:	0e 94 79 03 	call	0x6f2	; 0x6f2 <__ltsf2>
    2760:	88 23       	and	r24, r24
    2762:	2c f4       	brge	.+10     	; 0x276e <main+0xecc>
		__ticks = 1;
    2764:	81 e0       	ldi	r24, 0x01	; 1
    2766:	90 e0       	ldi	r25, 0x00	; 0
    2768:	98 ab       	std	Y+48, r25	; 0x30
    276a:	8f a7       	std	Y+47, r24	; 0x2f
    276c:	3f c0       	rjmp	.+126    	; 0x27ec <main+0xf4a>
	else if (__tmp > 65535)
    276e:	69 a9       	ldd	r22, Y+49	; 0x31
    2770:	7a a9       	ldd	r23, Y+50	; 0x32
    2772:	8b a9       	ldd	r24, Y+51	; 0x33
    2774:	9c a9       	ldd	r25, Y+52	; 0x34
    2776:	20 e0       	ldi	r18, 0x00	; 0
    2778:	3f ef       	ldi	r19, 0xFF	; 255
    277a:	4f e7       	ldi	r20, 0x7F	; 127
    277c:	57 e4       	ldi	r21, 0x47	; 71
    277e:	0e 94 19 03 	call	0x632	; 0x632 <__gtsf2>
    2782:	18 16       	cp	r1, r24
    2784:	4c f5       	brge	.+82     	; 0x27d8 <main+0xf36>
	{
		//	__ticks = requested delay in 1/10 ms
		__ticks = (uint16_t) (__ms * 10.0);
    2786:	6d a9       	ldd	r22, Y+53	; 0x35
    2788:	7e a9       	ldd	r23, Y+54	; 0x36
    278a:	8f a9       	ldd	r24, Y+55	; 0x37
    278c:	98 ad       	ldd	r25, Y+56	; 0x38
    278e:	20 e0       	ldi	r18, 0x00	; 0
    2790:	30 e0       	ldi	r19, 0x00	; 0
    2792:	40 e2       	ldi	r20, 0x20	; 32
    2794:	51 e4       	ldi	r21, 0x41	; 65
    2796:	0e 94 1f 02 	call	0x43e	; 0x43e <__mulsf3>
    279a:	dc 01       	movw	r26, r24
    279c:	cb 01       	movw	r24, r22
    279e:	bc 01       	movw	r22, r24
    27a0:	cd 01       	movw	r24, r26
    27a2:	0e 94 49 00 	call	0x92	; 0x92 <__fixunssfsi>
    27a6:	dc 01       	movw	r26, r24
    27a8:	cb 01       	movw	r24, r22
    27aa:	98 ab       	std	Y+48, r25	; 0x30
    27ac:	8f a7       	std	Y+47, r24	; 0x2f
    27ae:	0f c0       	rjmp	.+30     	; 0x27ce <main+0xf2c>
    27b0:	80 e9       	ldi	r24, 0x90	; 144
    27b2:	91 e0       	ldi	r25, 0x01	; 1
    27b4:	9e a7       	std	Y+46, r25	; 0x2e
    27b6:	8d a7       	std	Y+45, r24	; 0x2d
    27b8:	8d a5       	ldd	r24, Y+45	; 0x2d
    27ba:	9e a5       	ldd	r25, Y+46	; 0x2e
    27bc:	01 97       	sbiw	r24, 0x01	; 1
    27be:	f1 f7       	brne	.-4      	; 0x27bc <main+0xf1a>
    27c0:	9e a7       	std	Y+46, r25	; 0x2e
    27c2:	8d a7       	std	Y+45, r24	; 0x2d
		while(__ticks)
		{
			// wait 1/10 ms
			_delay_loop_2(((F_CPU) / 4e3) / 10);
			__ticks --;
    27c4:	8f a5       	ldd	r24, Y+47	; 0x2f
    27c6:	98 a9       	ldd	r25, Y+48	; 0x30
    27c8:	01 97       	sbiw	r24, 0x01	; 1
    27ca:	98 ab       	std	Y+48, r25	; 0x30
    27cc:	8f a7       	std	Y+47, r24	; 0x2f
		__ticks = 1;
	else if (__tmp > 65535)
	{
		//	__ticks = requested delay in 1/10 ms
		__ticks = (uint16_t) (__ms * 10.0);
		while(__ticks)
    27ce:	8f a5       	ldd	r24, Y+47	; 0x2f
    27d0:	98 a9       	ldd	r25, Y+48	; 0x30
    27d2:	00 97       	sbiw	r24, 0x00	; 0
    27d4:	69 f7       	brne	.-38     	; 0x27b0 <main+0xf0e>
    27d6:	14 c0       	rjmp	.+40     	; 0x2800 <main+0xf5e>
			__ticks --;
		}
		return;
	}
	else
		__ticks = (uint16_t)__tmp;
    27d8:	69 a9       	ldd	r22, Y+49	; 0x31
    27da:	7a a9       	ldd	r23, Y+50	; 0x32
    27dc:	8b a9       	ldd	r24, Y+51	; 0x33
    27de:	9c a9       	ldd	r25, Y+52	; 0x34
    27e0:	0e 94 49 00 	call	0x92	; 0x92 <__fixunssfsi>
    27e4:	dc 01       	movw	r26, r24
    27e6:	cb 01       	movw	r24, r22
    27e8:	98 ab       	std	Y+48, r25	; 0x30
    27ea:	8f a7       	std	Y+47, r24	; 0x2f
    27ec:	8f a5       	ldd	r24, Y+47	; 0x2f
    27ee:	98 a9       	ldd	r25, Y+48	; 0x30
    27f0:	9c a7       	std	Y+44, r25	; 0x2c
    27f2:	8b a7       	std	Y+43, r24	; 0x2b
    27f4:	8b a5       	ldd	r24, Y+43	; 0x2b
    27f6:	9c a5       	ldd	r25, Y+44	; 0x2c
    27f8:	01 97       	sbiw	r24, 0x01	; 1
    27fa:	f1 f7       	brne	.-4      	; 0x27f8 <main+0xf56>
    27fc:	9c a7       	std	Y+44, r25	; 0x2c
    27fe:	8b a7       	std	Y+43, r24	; 0x2b
            _delay_ms(100);
            if (!(PINB & (1 << PB4))) {  // Avoid de-bouncing
    2800:	e6 e3       	ldi	r30, 0x36	; 54
    2802:	f0 e0       	ldi	r31, 0x00	; 0
    2804:	80 81       	ld	r24, Z
    2806:	88 2f       	mov	r24, r24
    2808:	90 e0       	ldi	r25, 0x00	; 0
    280a:	80 71       	andi	r24, 0x10	; 16
    280c:	90 70       	andi	r25, 0x00	; 0
    280e:	00 97       	sbiw	r24, 0x00	; 0
    2810:	c1 f4       	brne	.+48     	; 0x2842 <main+0xfa0>
                min_units++;
    2812:	80 91 6a 00 	lds	r24, 0x006A
    2816:	8f 5f       	subi	r24, 0xFF	; 255
    2818:	80 93 6a 00 	sts	0x006A, r24
                if (min_units > 9) {
    281c:	80 91 6a 00 	lds	r24, 0x006A
    2820:	8a 30       	cpi	r24, 0x0A	; 10
    2822:	78 f0       	brcs	.+30     	; 0x2842 <main+0xfa0>
                    min_units = 0;
    2824:	10 92 6a 00 	sts	0x006A, r1
                    min_tens++;
    2828:	80 91 6b 00 	lds	r24, 0x006B
    282c:	8f 5f       	subi	r24, 0xFF	; 255
    282e:	80 93 6b 00 	sts	0x006B, r24
                    if (min_tens > 5) {
    2832:	80 91 6b 00 	lds	r24, 0x006B
    2836:	86 30       	cpi	r24, 0x06	; 6
    2838:	20 f0       	brcs	.+8      	; 0x2842 <main+0xfa0>
                        min_tens = 0;
    283a:	10 92 6b 00 	sts	0x006B, r1
                        min_units = 0;
    283e:	10 92 6a 00 	sts	0x006A, r1
                    }
                }
            }
        }
        if (!(PINB & (1 << PB3))) {  // Decrement the minutes counter
    2842:	e6 e3       	ldi	r30, 0x36	; 54
    2844:	f0 e0       	ldi	r31, 0x00	; 0
    2846:	80 81       	ld	r24, Z
    2848:	88 2f       	mov	r24, r24
    284a:	90 e0       	ldi	r25, 0x00	; 0
    284c:	88 70       	andi	r24, 0x08	; 8
    284e:	90 70       	andi	r25, 0x00	; 0
    2850:	00 97       	sbiw	r24, 0x00	; 0
    2852:	09 f0       	breq	.+2      	; 0x2856 <main+0xfb4>
    2854:	a0 c0       	rjmp	.+320    	; 0x2996 <main+0x10f4>
    2856:	80 e0       	ldi	r24, 0x00	; 0
    2858:	90 e0       	ldi	r25, 0x00	; 0
    285a:	a8 ec       	ldi	r26, 0xC8	; 200
    285c:	b2 e4       	ldi	r27, 0x42	; 66
    285e:	8f a3       	std	Y+39, r24	; 0x27
    2860:	98 a7       	std	Y+40, r25	; 0x28
    2862:	a9 a7       	std	Y+41, r26	; 0x29
    2864:	ba a7       	std	Y+42, r27	; 0x2a
 */
void
_delay_ms(double __ms)
{
	uint16_t __ticks;
	double __tmp = ((F_CPU) / 4e3) * __ms;
    2866:	6f a1       	ldd	r22, Y+39	; 0x27
    2868:	78 a5       	ldd	r23, Y+40	; 0x28
    286a:	89 a5       	ldd	r24, Y+41	; 0x29
    286c:	9a a5       	ldd	r25, Y+42	; 0x2a
    286e:	20 e0       	ldi	r18, 0x00	; 0
    2870:	30 e0       	ldi	r19, 0x00	; 0
    2872:	4a e7       	ldi	r20, 0x7A	; 122
    2874:	55 e4       	ldi	r21, 0x45	; 69
    2876:	0e 94 1f 02 	call	0x43e	; 0x43e <__mulsf3>
    287a:	dc 01       	movw	r26, r24
    287c:	cb 01       	movw	r24, r22
    287e:	8b a3       	std	Y+35, r24	; 0x23
    2880:	9c a3       	std	Y+36, r25	; 0x24
    2882:	ad a3       	std	Y+37, r26	; 0x25
    2884:	be a3       	std	Y+38, r27	; 0x26
	if (__tmp < 1.0)
    2886:	6b a1       	ldd	r22, Y+35	; 0x23
    2888:	7c a1       	ldd	r23, Y+36	; 0x24
    288a:	8d a1       	ldd	r24, Y+37	; 0x25
    288c:	9e a1       	ldd	r25, Y+38	; 0x26
    288e:	20 e0       	ldi	r18, 0x00	; 0
    2890:	30 e0       	ldi	r19, 0x00	; 0
    2892:	40 e8       	ldi	r20, 0x80	; 128
    2894:	5f e3       	ldi	r21, 0x3F	; 63
    2896:	0e 94 79 03 	call	0x6f2	; 0x6f2 <__ltsf2>
    289a:	88 23       	and	r24, r24
    289c:	2c f4       	brge	.+10     	; 0x28a8 <main+0x1006>
		__ticks = 1;
    289e:	81 e0       	ldi	r24, 0x01	; 1
    28a0:	90 e0       	ldi	r25, 0x00	; 0
    28a2:	9a a3       	std	Y+34, r25	; 0x22
    28a4:	89 a3       	std	Y+33, r24	; 0x21
    28a6:	3f c0       	rjmp	.+126    	; 0x2926 <main+0x1084>
	else if (__tmp > 65535)
    28a8:	6b a1       	ldd	r22, Y+35	; 0x23
    28aa:	7c a1       	ldd	r23, Y+36	; 0x24
    28ac:	8d a1       	ldd	r24, Y+37	; 0x25
    28ae:	9e a1       	ldd	r25, Y+38	; 0x26
    28b0:	20 e0       	ldi	r18, 0x00	; 0
    28b2:	3f ef       	ldi	r19, 0xFF	; 255
    28b4:	4f e7       	ldi	r20, 0x7F	; 127
    28b6:	57 e4       	ldi	r21, 0x47	; 71
    28b8:	0e 94 19 03 	call	0x632	; 0x632 <__gtsf2>
    28bc:	18 16       	cp	r1, r24
    28be:	4c f5       	brge	.+82     	; 0x2912 <main+0x1070>
	{
		//	__ticks = requested delay in 1/10 ms
		__ticks = (uint16_t) (__ms * 10.0);
    28c0:	6f a1       	ldd	r22, Y+39	; 0x27
    28c2:	78 a5       	ldd	r23, Y+40	; 0x28
    28c4:	89 a5       	ldd	r24, Y+41	; 0x29
    28c6:	9a a5       	ldd	r25, Y+42	; 0x2a
    28c8:	20 e0       	ldi	r18, 0x00	; 0
    28ca:	30 e0       	ldi	r19, 0x00	; 0
    28cc:	40 e2       	ldi	r20, 0x20	; 32
    28ce:	51 e4       	ldi	r21, 0x41	; 65
    28d0:	0e 94 1f 02 	call	0x43e	; 0x43e <__mulsf3>
    28d4:	dc 01       	movw	r26, r24
    28d6:	cb 01       	movw	r24, r22
    28d8:	bc 01       	movw	r22, r24
    28da:	cd 01       	movw	r24, r26
    28dc:	0e 94 49 00 	call	0x92	; 0x92 <__fixunssfsi>
    28e0:	dc 01       	movw	r26, r24
    28e2:	cb 01       	movw	r24, r22
    28e4:	9a a3       	std	Y+34, r25	; 0x22
    28e6:	89 a3       	std	Y+33, r24	; 0x21
    28e8:	0f c0       	rjmp	.+30     	; 0x2908 <main+0x1066>
    28ea:	80 e9       	ldi	r24, 0x90	; 144
    28ec:	91 e0       	ldi	r25, 0x01	; 1
    28ee:	98 a3       	std	Y+32, r25	; 0x20
    28f0:	8f 8f       	std	Y+31, r24	; 0x1f
    28f2:	8f 8d       	ldd	r24, Y+31	; 0x1f
    28f4:	98 a1       	ldd	r25, Y+32	; 0x20
    28f6:	01 97       	sbiw	r24, 0x01	; 1
    28f8:	f1 f7       	brne	.-4      	; 0x28f6 <main+0x1054>
    28fa:	98 a3       	std	Y+32, r25	; 0x20
    28fc:	8f 8f       	std	Y+31, r24	; 0x1f
		while(__ticks)
		{
			// wait 1/10 ms
			_delay_loop_2(((F_CPU) / 4e3) / 10);
			__ticks --;
    28fe:	89 a1       	ldd	r24, Y+33	; 0x21
    2900:	9a a1       	ldd	r25, Y+34	; 0x22
    2902:	01 97       	sbiw	r24, 0x01	; 1
    2904:	9a a3       	std	Y+34, r25	; 0x22
    2906:	89 a3       	std	Y+33, r24	; 0x21
		__ticks = 1;
	else if (__tmp > 65535)
	{
		//	__ticks = requested delay in 1/10 ms
		__ticks = (uint16_t) (__ms * 10.0);
		while(__ticks)
    2908:	89 a1       	ldd	r24, Y+33	; 0x21
    290a:	9a a1       	ldd	r25, Y+34	; 0x22
    290c:	00 97       	sbiw	r24, 0x00	; 0
    290e:	69 f7       	brne	.-38     	; 0x28ea <main+0x1048>
    2910:	14 c0       	rjmp	.+40     	; 0x293a <main+0x1098>
			__ticks --;
		}
		return;
	}
	else
		__ticks = (uint16_t)__tmp;
    2912:	6b a1       	ldd	r22, Y+35	; 0x23
    2914:	7c a1       	ldd	r23, Y+36	; 0x24
    2916:	8d a1       	ldd	r24, Y+37	; 0x25
    2918:	9e a1       	ldd	r25, Y+38	; 0x26
    291a:	0e 94 49 00 	call	0x92	; 0x92 <__fixunssfsi>
    291e:	dc 01       	movw	r26, r24
    2920:	cb 01       	movw	r24, r22
    2922:	9a a3       	std	Y+34, r25	; 0x22
    2924:	89 a3       	std	Y+33, r24	; 0x21
    2926:	89 a1       	ldd	r24, Y+33	; 0x21
    2928:	9a a1       	ldd	r25, Y+34	; 0x22
    292a:	9e 8f       	std	Y+30, r25	; 0x1e
    292c:	8d 8f       	std	Y+29, r24	; 0x1d
    292e:	8d 8d       	ldd	r24, Y+29	; 0x1d
    2930:	9e 8d       	ldd	r25, Y+30	; 0x1e
    2932:	01 97       	sbiw	r24, 0x01	; 1
    2934:	f1 f7       	brne	.-4      	; 0x2932 <main+0x1090>
    2936:	9e 8f       	std	Y+30, r25	; 0x1e
    2938:	8d 8f       	std	Y+29, r24	; 0x1d
            _delay_ms(100);
            if (!(PINB & (1 << PB3))) {  // Avoid de-bouncing
    293a:	e6 e3       	ldi	r30, 0x36	; 54
    293c:	f0 e0       	ldi	r31, 0x00	; 0
    293e:	80 81       	ld	r24, Z
    2940:	88 2f       	mov	r24, r24
    2942:	90 e0       	ldi	r25, 0x00	; 0
    2944:	88 70       	andi	r24, 0x08	; 8
    2946:	90 70       	andi	r25, 0x00	; 0
    2948:	00 97       	sbiw	r24, 0x00	; 0
    294a:	29 f5       	brne	.+74     	; 0x2996 <main+0x10f4>
                min_units--;
    294c:	80 91 6a 00 	lds	r24, 0x006A
    2950:	81 50       	subi	r24, 0x01	; 1
    2952:	80 93 6a 00 	sts	0x006A, r24
                if ((min_units & 0x0F) > 9) {
    2956:	80 91 6a 00 	lds	r24, 0x006A
    295a:	88 2f       	mov	r24, r24
    295c:	90 e0       	ldi	r25, 0x00	; 0
    295e:	8f 70       	andi	r24, 0x0F	; 15
    2960:	90 70       	andi	r25, 0x00	; 0
    2962:	8a 30       	cpi	r24, 0x0A	; 10
    2964:	91 05       	cpc	r25, r1
    2966:	bc f0       	brlt	.+46     	; 0x2996 <main+0x10f4>
                    min_units = 9;
    2968:	89 e0       	ldi	r24, 0x09	; 9
    296a:	80 93 6a 00 	sts	0x006A, r24
                    min_tens--;
    296e:	80 91 6b 00 	lds	r24, 0x006B
    2972:	81 50       	subi	r24, 0x01	; 1
    2974:	80 93 6b 00 	sts	0x006B, r24
                    if ((min_tens & 0x0F) > 6) {
    2978:	80 91 6b 00 	lds	r24, 0x006B
    297c:	88 2f       	mov	r24, r24
    297e:	90 e0       	ldi	r25, 0x00	; 0
    2980:	8f 70       	andi	r24, 0x0F	; 15
    2982:	90 70       	andi	r25, 0x00	; 0
    2984:	87 30       	cpi	r24, 0x07	; 7
    2986:	91 05       	cpc	r25, r1
    2988:	34 f0       	brlt	.+12     	; 0x2996 <main+0x10f4>
                        min_tens = 5;
    298a:	85 e0       	ldi	r24, 0x05	; 5
    298c:	80 93 6b 00 	sts	0x006B, r24
                        min_units = 9;
    2990:	89 e0       	ldi	r24, 0x09	; 9
    2992:	80 93 6a 00 	sts	0x006A, r24
                    }
                }
            }
        }
        if (!(PINB & (1 << PB6))) {  // Increment the seconds counter
    2996:	e6 e3       	ldi	r30, 0x36	; 54
    2998:	f0 e0       	ldi	r31, 0x00	; 0
    299a:	80 81       	ld	r24, Z
    299c:	88 2f       	mov	r24, r24
    299e:	90 e0       	ldi	r25, 0x00	; 0
    29a0:	80 74       	andi	r24, 0x40	; 64
    29a2:	90 70       	andi	r25, 0x00	; 0
    29a4:	00 97       	sbiw	r24, 0x00	; 0
    29a6:	09 f0       	breq	.+2      	; 0x29aa <main+0x1108>
    29a8:	93 c0       	rjmp	.+294    	; 0x2ad0 <main+0x122e>
    29aa:	80 e0       	ldi	r24, 0x00	; 0
    29ac:	90 e0       	ldi	r25, 0x00	; 0
    29ae:	a8 ec       	ldi	r26, 0xC8	; 200
    29b0:	b2 e4       	ldi	r27, 0x42	; 66
    29b2:	89 8f       	std	Y+25, r24	; 0x19
    29b4:	9a 8f       	std	Y+26, r25	; 0x1a
    29b6:	ab 8f       	std	Y+27, r26	; 0x1b
    29b8:	bc 8f       	std	Y+28, r27	; 0x1c
 */
void
_delay_ms(double __ms)
{
	uint16_t __ticks;
	double __tmp = ((F_CPU) / 4e3) * __ms;
    29ba:	69 8d       	ldd	r22, Y+25	; 0x19
    29bc:	7a 8d       	ldd	r23, Y+26	; 0x1a
    29be:	8b 8d       	ldd	r24, Y+27	; 0x1b
    29c0:	9c 8d       	ldd	r25, Y+28	; 0x1c
    29c2:	20 e0       	ldi	r18, 0x00	; 0
    29c4:	30 e0       	ldi	r19, 0x00	; 0
    29c6:	4a e7       	ldi	r20, 0x7A	; 122
    29c8:	55 e4       	ldi	r21, 0x45	; 69
    29ca:	0e 94 1f 02 	call	0x43e	; 0x43e <__mulsf3>
    29ce:	dc 01       	movw	r26, r24
    29d0:	cb 01       	movw	r24, r22
    29d2:	8d 8b       	std	Y+21, r24	; 0x15
    29d4:	9e 8b       	std	Y+22, r25	; 0x16
    29d6:	af 8b       	std	Y+23, r26	; 0x17
    29d8:	b8 8f       	std	Y+24, r27	; 0x18
	if (__tmp < 1.0)
    29da:	6d 89       	ldd	r22, Y+21	; 0x15
    29dc:	7e 89       	ldd	r23, Y+22	; 0x16
    29de:	8f 89       	ldd	r24, Y+23	; 0x17
    29e0:	98 8d       	ldd	r25, Y+24	; 0x18
    29e2:	20 e0       	ldi	r18, 0x00	; 0
    29e4:	30 e0       	ldi	r19, 0x00	; 0
    29e6:	40 e8       	ldi	r20, 0x80	; 128
    29e8:	5f e3       	ldi	r21, 0x3F	; 63
    29ea:	0e 94 79 03 	call	0x6f2	; 0x6f2 <__ltsf2>
    29ee:	88 23       	and	r24, r24
    29f0:	2c f4       	brge	.+10     	; 0x29fc <main+0x115a>
		__ticks = 1;
    29f2:	81 e0       	ldi	r24, 0x01	; 1
    29f4:	90 e0       	ldi	r25, 0x00	; 0
    29f6:	9c 8b       	std	Y+20, r25	; 0x14
    29f8:	8b 8b       	std	Y+19, r24	; 0x13
    29fa:	3f c0       	rjmp	.+126    	; 0x2a7a <main+0x11d8>
	else if (__tmp > 65535)
    29fc:	6d 89       	ldd	r22, Y+21	; 0x15
    29fe:	7e 89       	ldd	r23, Y+22	; 0x16
    2a00:	8f 89       	ldd	r24, Y+23	; 0x17
    2a02:	98 8d       	ldd	r25, Y+24	; 0x18
    2a04:	20 e0       	ldi	r18, 0x00	; 0
    2a06:	3f ef       	ldi	r19, 0xFF	; 255
    2a08:	4f e7       	ldi	r20, 0x7F	; 127
    2a0a:	57 e4       	ldi	r21, 0x47	; 71
    2a0c:	0e 94 19 03 	call	0x632	; 0x632 <__gtsf2>
    2a10:	18 16       	cp	r1, r24
    2a12:	4c f5       	brge	.+82     	; 0x2a66 <main+0x11c4>
	{
		//	__ticks = requested delay in 1/10 ms
		__ticks = (uint16_t) (__ms * 10.0);
    2a14:	69 8d       	ldd	r22, Y+25	; 0x19
    2a16:	7a 8d       	ldd	r23, Y+26	; 0x1a
    2a18:	8b 8d       	ldd	r24, Y+27	; 0x1b
    2a1a:	9c 8d       	ldd	r25, Y+28	; 0x1c
    2a1c:	20 e0       	ldi	r18, 0x00	; 0
    2a1e:	30 e0       	ldi	r19, 0x00	; 0
    2a20:	40 e2       	ldi	r20, 0x20	; 32
    2a22:	51 e4       	ldi	r21, 0x41	; 65
    2a24:	0e 94 1f 02 	call	0x43e	; 0x43e <__mulsf3>
    2a28:	dc 01       	movw	r26, r24
    2a2a:	cb 01       	movw	r24, r22
    2a2c:	bc 01       	movw	r22, r24
    2a2e:	cd 01       	movw	r24, r26
    2a30:	0e 94 49 00 	call	0x92	; 0x92 <__fixunssfsi>
    2a34:	dc 01       	movw	r26, r24
    2a36:	cb 01       	movw	r24, r22
    2a38:	9c 8b       	std	Y+20, r25	; 0x14
    2a3a:	8b 8b       	std	Y+19, r24	; 0x13
    2a3c:	0f c0       	rjmp	.+30     	; 0x2a5c <main+0x11ba>
    2a3e:	80 e9       	ldi	r24, 0x90	; 144
    2a40:	91 e0       	ldi	r25, 0x01	; 1
    2a42:	9a 8b       	std	Y+18, r25	; 0x12
    2a44:	89 8b       	std	Y+17, r24	; 0x11
    2a46:	89 89       	ldd	r24, Y+17	; 0x11
    2a48:	9a 89       	ldd	r25, Y+18	; 0x12
    2a4a:	01 97       	sbiw	r24, 0x01	; 1
    2a4c:	f1 f7       	brne	.-4      	; 0x2a4a <main+0x11a8>
    2a4e:	9a 8b       	std	Y+18, r25	; 0x12
    2a50:	89 8b       	std	Y+17, r24	; 0x11
		while(__ticks)
		{
			// wait 1/10 ms
			_delay_loop_2(((F_CPU) / 4e3) / 10);
			__ticks --;
    2a52:	8b 89       	ldd	r24, Y+19	; 0x13
    2a54:	9c 89       	ldd	r25, Y+20	; 0x14
    2a56:	01 97       	sbiw	r24, 0x01	; 1
    2a58:	9c 8b       	std	Y+20, r25	; 0x14
    2a5a:	8b 8b       	std	Y+19, r24	; 0x13
		__ticks = 1;
	else if (__tmp > 65535)
	{
		//	__ticks = requested delay in 1/10 ms
		__ticks = (uint16_t) (__ms * 10.0);
		while(__ticks)
    2a5c:	8b 89       	ldd	r24, Y+19	; 0x13
    2a5e:	9c 89       	ldd	r25, Y+20	; 0x14
    2a60:	00 97       	sbiw	r24, 0x00	; 0
    2a62:	69 f7       	brne	.-38     	; 0x2a3e <main+0x119c>
    2a64:	14 c0       	rjmp	.+40     	; 0x2a8e <main+0x11ec>
			__ticks --;
		}
		return;
	}
	else
		__ticks = (uint16_t)__tmp;
    2a66:	6d 89       	ldd	r22, Y+21	; 0x15
    2a68:	7e 89       	ldd	r23, Y+22	; 0x16
    2a6a:	8f 89       	ldd	r24, Y+23	; 0x17
    2a6c:	98 8d       	ldd	r25, Y+24	; 0x18
    2a6e:	0e 94 49 00 	call	0x92	; 0x92 <__fixunssfsi>
    2a72:	dc 01       	movw	r26, r24
    2a74:	cb 01       	movw	r24, r22
    2a76:	9c 8b       	std	Y+20, r25	; 0x14
    2a78:	8b 8b       	std	Y+19, r24	; 0x13
    2a7a:	8b 89       	ldd	r24, Y+19	; 0x13
    2a7c:	9c 89       	ldd	r25, Y+20	; 0x14
    2a7e:	98 8b       	std	Y+16, r25	; 0x10
    2a80:	8f 87       	std	Y+15, r24	; 0x0f
    2a82:	8f 85       	ldd	r24, Y+15	; 0x0f
    2a84:	98 89       	ldd	r25, Y+16	; 0x10
    2a86:	01 97       	sbiw	r24, 0x01	; 1
    2a88:	f1 f7       	brne	.-4      	; 0x2a86 <main+0x11e4>
    2a8a:	98 8b       	std	Y+16, r25	; 0x10
    2a8c:	8f 87       	std	Y+15, r24	; 0x0f
            _delay_ms(100);
            if (!(PINB & (1 << PB6))) {  // Avoid de-bouncing
    2a8e:	e6 e3       	ldi	r30, 0x36	; 54
    2a90:	f0 e0       	ldi	r31, 0x00	; 0
    2a92:	80 81       	ld	r24, Z
    2a94:	88 2f       	mov	r24, r24
    2a96:	90 e0       	ldi	r25, 0x00	; 0
    2a98:	80 74       	andi	r24, 0x40	; 64
    2a9a:	90 70       	andi	r25, 0x00	; 0
    2a9c:	00 97       	sbiw	r24, 0x00	; 0
    2a9e:	c1 f4       	brne	.+48     	; 0x2ad0 <main+0x122e>
                sec_units++;
    2aa0:	80 91 68 00 	lds	r24, 0x0068
    2aa4:	8f 5f       	subi	r24, 0xFF	; 255
    2aa6:	80 93 68 00 	sts	0x0068, r24
                if (sec_units > 9) {
    2aaa:	80 91 68 00 	lds	r24, 0x0068
    2aae:	8a 30       	cpi	r24, 0x0A	; 10
    2ab0:	78 f0       	brcs	.+30     	; 0x2ad0 <main+0x122e>
                    sec_units = 0;
    2ab2:	10 92 68 00 	sts	0x0068, r1
                    sec_tens++;
    2ab6:	80 91 69 00 	lds	r24, 0x0069
    2aba:	8f 5f       	subi	r24, 0xFF	; 255
    2abc:	80 93 69 00 	sts	0x0069, r24
                    if (sec_tens > 5) {
    2ac0:	80 91 69 00 	lds	r24, 0x0069
    2ac4:	86 30       	cpi	r24, 0x06	; 6
    2ac6:	20 f0       	brcs	.+8      	; 0x2ad0 <main+0x122e>
                        sec_tens = 0;
    2ac8:	10 92 69 00 	sts	0x0069, r1
                        sec_units = 0;
    2acc:	10 92 68 00 	sts	0x0068, r1
                    }
                }
            }
        }
        if (!(PINB & (1 << PB5))) {  // Decrement the seconds counter
    2ad0:	e6 e3       	ldi	r30, 0x36	; 54
    2ad2:	f0 e0       	ldi	r31, 0x00	; 0
    2ad4:	80 81       	ld	r24, Z
    2ad6:	88 2f       	mov	r24, r24
    2ad8:	90 e0       	ldi	r25, 0x00	; 0
    2ada:	80 72       	andi	r24, 0x20	; 32
    2adc:	90 70       	andi	r25, 0x00	; 0
    2ade:	00 97       	sbiw	r24, 0x00	; 0
    2ae0:	09 f0       	breq	.+2      	; 0x2ae4 <main+0x1242>
    2ae2:	a0 c0       	rjmp	.+320    	; 0x2c24 <main+0x1382>
    2ae4:	80 e0       	ldi	r24, 0x00	; 0
    2ae6:	90 e0       	ldi	r25, 0x00	; 0
    2ae8:	a8 ec       	ldi	r26, 0xC8	; 200
    2aea:	b2 e4       	ldi	r27, 0x42	; 66
    2aec:	8b 87       	std	Y+11, r24	; 0x0b
    2aee:	9c 87       	std	Y+12, r25	; 0x0c
    2af0:	ad 87       	std	Y+13, r26	; 0x0d
    2af2:	be 87       	std	Y+14, r27	; 0x0e
 */
void
_delay_ms(double __ms)
{
	uint16_t __ticks;
	double __tmp = ((F_CPU) / 4e3) * __ms;
    2af4:	6b 85       	ldd	r22, Y+11	; 0x0b
    2af6:	7c 85       	ldd	r23, Y+12	; 0x0c
    2af8:	8d 85       	ldd	r24, Y+13	; 0x0d
    2afa:	9e 85       	ldd	r25, Y+14	; 0x0e
    2afc:	20 e0       	ldi	r18, 0x00	; 0
    2afe:	30 e0       	ldi	r19, 0x00	; 0
    2b00:	4a e7       	ldi	r20, 0x7A	; 122
    2b02:	55 e4       	ldi	r21, 0x45	; 69
    2b04:	0e 94 1f 02 	call	0x43e	; 0x43e <__mulsf3>
    2b08:	dc 01       	movw	r26, r24
    2b0a:	cb 01       	movw	r24, r22
    2b0c:	8f 83       	std	Y+7, r24	; 0x07
    2b0e:	98 87       	std	Y+8, r25	; 0x08
    2b10:	a9 87       	std	Y+9, r26	; 0x09
    2b12:	ba 87       	std	Y+10, r27	; 0x0a
	if (__tmp < 1.0)
    2b14:	6f 81       	ldd	r22, Y+7	; 0x07
    2b16:	78 85       	ldd	r23, Y+8	; 0x08
    2b18:	89 85       	ldd	r24, Y+9	; 0x09
    2b1a:	9a 85       	ldd	r25, Y+10	; 0x0a
    2b1c:	20 e0       	ldi	r18, 0x00	; 0
    2b1e:	30 e0       	ldi	r19, 0x00	; 0
    2b20:	40 e8       	ldi	r20, 0x80	; 128
    2b22:	5f e3       	ldi	r21, 0x3F	; 63
    2b24:	0e 94 79 03 	call	0x6f2	; 0x6f2 <__ltsf2>
    2b28:	88 23       	and	r24, r24
    2b2a:	2c f4       	brge	.+10     	; 0x2b36 <main+0x1294>
		__ticks = 1;
    2b2c:	81 e0       	ldi	r24, 0x01	; 1
    2b2e:	90 e0       	ldi	r25, 0x00	; 0
    2b30:	9e 83       	std	Y+6, r25	; 0x06
    2b32:	8d 83       	std	Y+5, r24	; 0x05
    2b34:	3f c0       	rjmp	.+126    	; 0x2bb4 <main+0x1312>
	else if (__tmp > 65535)
    2b36:	6f 81       	ldd	r22, Y+7	; 0x07
    2b38:	78 85       	ldd	r23, Y+8	; 0x08
    2b3a:	89 85       	ldd	r24, Y+9	; 0x09
    2b3c:	9a 85       	ldd	r25, Y+10	; 0x0a
    2b3e:	20 e0       	ldi	r18, 0x00	; 0
    2b40:	3f ef       	ldi	r19, 0xFF	; 255
    2b42:	4f e7       	ldi	r20, 0x7F	; 127
    2b44:	57 e4       	ldi	r21, 0x47	; 71
    2b46:	0e 94 19 03 	call	0x632	; 0x632 <__gtsf2>
    2b4a:	18 16       	cp	r1, r24
    2b4c:	4c f5       	brge	.+82     	; 0x2ba0 <main+0x12fe>
	{
		//	__ticks = requested delay in 1/10 ms
		__ticks = (uint16_t) (__ms * 10.0);
    2b4e:	6b 85       	ldd	r22, Y+11	; 0x0b
    2b50:	7c 85       	ldd	r23, Y+12	; 0x0c
    2b52:	8d 85       	ldd	r24, Y+13	; 0x0d
    2b54:	9e 85       	ldd	r25, Y+14	; 0x0e
    2b56:	20 e0       	ldi	r18, 0x00	; 0
    2b58:	30 e0       	ldi	r19, 0x00	; 0
    2b5a:	40 e2       	ldi	r20, 0x20	; 32
    2b5c:	51 e4       	ldi	r21, 0x41	; 65
    2b5e:	0e 94 1f 02 	call	0x43e	; 0x43e <__mulsf3>
    2b62:	dc 01       	movw	r26, r24
    2b64:	cb 01       	movw	r24, r22
    2b66:	bc 01       	movw	r22, r24
    2b68:	cd 01       	movw	r24, r26
    2b6a:	0e 94 49 00 	call	0x92	; 0x92 <__fixunssfsi>
    2b6e:	dc 01       	movw	r26, r24
    2b70:	cb 01       	movw	r24, r22
    2b72:	9e 83       	std	Y+6, r25	; 0x06
    2b74:	8d 83       	std	Y+5, r24	; 0x05
    2b76:	0f c0       	rjmp	.+30     	; 0x2b96 <main+0x12f4>
    2b78:	80 e9       	ldi	r24, 0x90	; 144
    2b7a:	91 e0       	ldi	r25, 0x01	; 1
    2b7c:	9c 83       	std	Y+4, r25	; 0x04
    2b7e:	8b 83       	std	Y+3, r24	; 0x03
    2b80:	8b 81       	ldd	r24, Y+3	; 0x03
    2b82:	9c 81       	ldd	r25, Y+4	; 0x04
    2b84:	01 97       	sbiw	r24, 0x01	; 1
    2b86:	f1 f7       	brne	.-4      	; 0x2b84 <main+0x12e2>
    2b88:	9c 83       	std	Y+4, r25	; 0x04
    2b8a:	8b 83       	std	Y+3, r24	; 0x03
		while(__ticks)
		{
			// wait 1/10 ms
			_delay_loop_2(((F_CPU) / 4e3) / 10);
			__ticks --;
    2b8c:	8d 81       	ldd	r24, Y+5	; 0x05
    2b8e:	9e 81       	ldd	r25, Y+6	; 0x06
    2b90:	01 97       	sbiw	r24, 0x01	; 1
    2b92:	9e 83       	std	Y+6, r25	; 0x06
    2b94:	8d 83       	std	Y+5, r24	; 0x05
		__ticks = 1;
	else if (__tmp > 65535)
	{
		//	__ticks = requested delay in 1/10 ms
		__ticks = (uint16_t) (__ms * 10.0);
		while(__ticks)
    2b96:	8d 81       	ldd	r24, Y+5	; 0x05
    2b98:	9e 81       	ldd	r25, Y+6	; 0x06
    2b9a:	00 97       	sbiw	r24, 0x00	; 0
    2b9c:	69 f7       	brne	.-38     	; 0x2b78 <main+0x12d6>
    2b9e:	14 c0       	rjmp	.+40     	; 0x2bc8 <main+0x1326>
			__ticks --;
		}
		return;
	}
	else
		__ticks = (uint16_t)__tmp;
    2ba0:	6f 81       	ldd	r22, Y+7	; 0x07
    2ba2:	78 85       	ldd	r23, Y+8	; 0x08
    2ba4:	89 85       	ldd	r24, Y+9	; 0x09
    2ba6:	9a 85       	ldd	r25, Y+10	; 0x0a
    2ba8:	0e 94 49 00 	call	0x92	; 0x92 <__fixunssfsi>
    2bac:	dc 01       	movw	r26, r24
    2bae:	cb 01       	movw	r24, r22
    2bb0:	9e 83       	std	Y+6, r25	; 0x06
    2bb2:	8d 83       	std	Y+5, r24	; 0x05
    2bb4:	8d 81       	ldd	r24, Y+5	; 0x05
    2bb6:	9e 81       	ldd	r25, Y+6	; 0x06
    2bb8:	9a 83       	std	Y+2, r25	; 0x02
    2bba:	89 83       	std	Y+1, r24	; 0x01
    2bbc:	89 81       	ldd	r24, Y+1	; 0x01
    2bbe:	9a 81       	ldd	r25, Y+2	; 0x02
    2bc0:	01 97       	sbiw	r24, 0x01	; 1
    2bc2:	f1 f7       	brne	.-4      	; 0x2bc0 <main+0x131e>
    2bc4:	9a 83       	std	Y+2, r25	; 0x02
    2bc6:	89 83       	std	Y+1, r24	; 0x01
            _delay_ms(100);
            if (!(PINB & (1 << PB5))) {  // Avoid de-bouncing
    2bc8:	e6 e3       	ldi	r30, 0x36	; 54
    2bca:	f0 e0       	ldi	r31, 0x00	; 0
    2bcc:	80 81       	ld	r24, Z
    2bce:	88 2f       	mov	r24, r24
    2bd0:	90 e0       	ldi	r25, 0x00	; 0
    2bd2:	80 72       	andi	r24, 0x20	; 32
    2bd4:	90 70       	andi	r25, 0x00	; 0
    2bd6:	00 97       	sbiw	r24, 0x00	; 0
    2bd8:	29 f5       	brne	.+74     	; 0x2c24 <main+0x1382>
                sec_units--;
    2bda:	80 91 68 00 	lds	r24, 0x0068
    2bde:	81 50       	subi	r24, 0x01	; 1
    2be0:	80 93 68 00 	sts	0x0068, r24
                if ((sec_units & 0x0F) > 9) {
    2be4:	80 91 68 00 	lds	r24, 0x0068
    2be8:	88 2f       	mov	r24, r24
    2bea:	90 e0       	ldi	r25, 0x00	; 0
    2bec:	8f 70       	andi	r24, 0x0F	; 15
    2bee:	90 70       	andi	r25, 0x00	; 0
    2bf0:	8a 30       	cpi	r24, 0x0A	; 10
    2bf2:	91 05       	cpc	r25, r1
    2bf4:	bc f0       	brlt	.+46     	; 0x2c24 <main+0x1382>
                    sec_units = 9;
    2bf6:	89 e0       	ldi	r24, 0x09	; 9
    2bf8:	80 93 68 00 	sts	0x0068, r24
                    sec_tens--;
    2bfc:	80 91 69 00 	lds	r24, 0x0069
    2c00:	81 50       	subi	r24, 0x01	; 1
    2c02:	80 93 69 00 	sts	0x0069, r24
                    if ((sec_tens & 0x0F) > 6) {
    2c06:	80 91 69 00 	lds	r24, 0x0069
    2c0a:	88 2f       	mov	r24, r24
    2c0c:	90 e0       	ldi	r25, 0x00	; 0
    2c0e:	8f 70       	andi	r24, 0x0F	; 15
    2c10:	90 70       	andi	r25, 0x00	; 0
    2c12:	87 30       	cpi	r24, 0x07	; 7
    2c14:	91 05       	cpc	r25, r1
    2c16:	34 f0       	brlt	.+12     	; 0x2c24 <main+0x1382>
                        sec_tens = 5;
    2c18:	85 e0       	ldi	r24, 0x05	; 5
    2c1a:	80 93 69 00 	sts	0x0069, r24
                        sec_units = 9;
    2c1e:	89 e0       	ldi	r24, 0x09	; 9
    2c20:	80 93 68 00 	sts	0x0068, r24
                }
            }
        }

        // Check buzzer (alarm)
        if (operation == 1 && sec_units == 0 && sec_tens == 0 && min_units == 0 && min_tens == 0 && hr_units == 0 && hr_tens == 0) {
    2c24:	80 91 6e 00 	lds	r24, 0x006E
    2c28:	81 30       	cpi	r24, 0x01	; 1
    2c2a:	11 f0       	breq	.+4      	; 0x2c30 <main+0x138e>
    2c2c:	0c 94 7f 0c 	jmp	0x18fe	; 0x18fe <main+0x5c>
    2c30:	80 91 68 00 	lds	r24, 0x0068
    2c34:	88 23       	and	r24, r24
    2c36:	11 f0       	breq	.+4      	; 0x2c3c <main+0x139a>
    2c38:	0c 94 7f 0c 	jmp	0x18fe	; 0x18fe <main+0x5c>
    2c3c:	80 91 69 00 	lds	r24, 0x0069
    2c40:	88 23       	and	r24, r24
    2c42:	11 f0       	breq	.+4      	; 0x2c48 <main+0x13a6>
    2c44:	0c 94 7f 0c 	jmp	0x18fe	; 0x18fe <main+0x5c>
    2c48:	80 91 6a 00 	lds	r24, 0x006A
    2c4c:	88 23       	and	r24, r24
    2c4e:	11 f0       	breq	.+4      	; 0x2c54 <main+0x13b2>
    2c50:	0c 94 7f 0c 	jmp	0x18fe	; 0x18fe <main+0x5c>
    2c54:	80 91 6b 00 	lds	r24, 0x006B
    2c58:	88 23       	and	r24, r24
    2c5a:	11 f0       	breq	.+4      	; 0x2c60 <main+0x13be>
    2c5c:	0c 94 7f 0c 	jmp	0x18fe	; 0x18fe <main+0x5c>
    2c60:	80 91 6c 00 	lds	r24, 0x006C
    2c64:	88 23       	and	r24, r24
    2c66:	11 f0       	breq	.+4      	; 0x2c6c <main+0x13ca>
    2c68:	0c 94 7f 0c 	jmp	0x18fe	; 0x18fe <main+0x5c>
    2c6c:	80 91 6d 00 	lds	r24, 0x006D
    2c70:	88 23       	and	r24, r24
    2c72:	11 f0       	breq	.+4      	; 0x2c78 <main+0x13d6>
    2c74:	0c 94 7f 0c 	jmp	0x18fe	; 0x18fe <main+0x5c>
            TIMSK &= ~(1 << OCIE1A);  // Compare match interrupt disable
    2c78:	a9 e5       	ldi	r26, 0x59	; 89
    2c7a:	b0 e0       	ldi	r27, 0x00	; 0
    2c7c:	e9 e5       	ldi	r30, 0x59	; 89
    2c7e:	f0 e0       	ldi	r31, 0x00	; 0
    2c80:	80 81       	ld	r24, Z
    2c82:	8f 7e       	andi	r24, 0xEF	; 239
    2c84:	8c 93       	st	X, r24
            operation = 0;
    2c86:	10 92 6e 00 	sts	0x006E, r1
            PORTD |= (1 << PD0);  // Turn buzzer ON
    2c8a:	a2 e3       	ldi	r26, 0x32	; 50
    2c8c:	b0 e0       	ldi	r27, 0x00	; 0
    2c8e:	e2 e3       	ldi	r30, 0x32	; 50
    2c90:	f0 e0       	ldi	r31, 0x00	; 0
    2c92:	80 81       	ld	r24, Z
    2c94:	81 60       	ori	r24, 0x01	; 1
    2c96:	8c 93       	st	X, r24
    2c98:	0c 94 7f 0c 	jmp	0x18fe	; 0x18fe <main+0x5c>

00002c9c <__prologue_saves__>:
    2c9c:	2f 92       	push	r2
    2c9e:	3f 92       	push	r3
    2ca0:	4f 92       	push	r4
    2ca2:	5f 92       	push	r5
    2ca4:	6f 92       	push	r6
    2ca6:	7f 92       	push	r7
    2ca8:	8f 92       	push	r8
    2caa:	9f 92       	push	r9
    2cac:	af 92       	push	r10
    2cae:	bf 92       	push	r11
    2cb0:	cf 92       	push	r12
    2cb2:	df 92       	push	r13
    2cb4:	ef 92       	push	r14
    2cb6:	ff 92       	push	r15
    2cb8:	0f 93       	push	r16
    2cba:	1f 93       	push	r17
    2cbc:	cf 93       	push	r28
    2cbe:	df 93       	push	r29
    2cc0:	cd b7       	in	r28, 0x3d	; 61
    2cc2:	de b7       	in	r29, 0x3e	; 62
    2cc4:	ca 1b       	sub	r28, r26
    2cc6:	db 0b       	sbc	r29, r27
    2cc8:	0f b6       	in	r0, 0x3f	; 63
    2cca:	f8 94       	cli
    2ccc:	de bf       	out	0x3e, r29	; 62
    2cce:	0f be       	out	0x3f, r0	; 63
    2cd0:	cd bf       	out	0x3d, r28	; 61
    2cd2:	09 94       	ijmp

00002cd4 <__epilogue_restores__>:
    2cd4:	2a 88       	ldd	r2, Y+18	; 0x12
    2cd6:	39 88       	ldd	r3, Y+17	; 0x11
    2cd8:	48 88       	ldd	r4, Y+16	; 0x10
    2cda:	5f 84       	ldd	r5, Y+15	; 0x0f
    2cdc:	6e 84       	ldd	r6, Y+14	; 0x0e
    2cde:	7d 84       	ldd	r7, Y+13	; 0x0d
    2ce0:	8c 84       	ldd	r8, Y+12	; 0x0c
    2ce2:	9b 84       	ldd	r9, Y+11	; 0x0b
    2ce4:	aa 84       	ldd	r10, Y+10	; 0x0a
    2ce6:	b9 84       	ldd	r11, Y+9	; 0x09
    2ce8:	c8 84       	ldd	r12, Y+8	; 0x08
    2cea:	df 80       	ldd	r13, Y+7	; 0x07
    2cec:	ee 80       	ldd	r14, Y+6	; 0x06
    2cee:	fd 80       	ldd	r15, Y+5	; 0x05
    2cf0:	0c 81       	ldd	r16, Y+4	; 0x04
    2cf2:	1b 81       	ldd	r17, Y+3	; 0x03
    2cf4:	aa 81       	ldd	r26, Y+2	; 0x02
    2cf6:	b9 81       	ldd	r27, Y+1	; 0x01
    2cf8:	ce 0f       	add	r28, r30
    2cfa:	d1 1d       	adc	r29, r1
    2cfc:	0f b6       	in	r0, 0x3f	; 63
    2cfe:	f8 94       	cli
    2d00:	de bf       	out	0x3e, r29	; 62
    2d02:	0f be       	out	0x3f, r0	; 63
    2d04:	cd bf       	out	0x3d, r28	; 61
    2d06:	ed 01       	movw	r28, r26
    2d08:	08 95       	ret

00002d0a <_exit>:
    2d0a:	f8 94       	cli

00002d0c <__stop_program>:
    2d0c:	ff cf       	rjmp	.-2      	; 0x2d0c <__stop_program>
